photo_id,observation_uuid,observer_id,license,taxon_name,label,split,quality_grade,observed_on,lat,lon,in_mexico_box,in_mexico,inat_url
576602937,dc7cf931-0491-44aa-9104-0064ecd0474f,5359094,CC-BY-NC,Cercospora coffeicola,cercospora,field_test,needs_id,2025-08-27,-20.8,-42.9,0,0,https://www.inaturalist.org/photos/576602937
655088613,a8d94593-5ab6-4571-bdfd-7552c98cdd2e,2201683,CC-BY-NC,Cercospora coffeicola,cercospora,field_test,needs_id,2026-05-03,15.4,-90.4,1,0,https://www.inaturalist.org/photos/655088613
655088698,a8d94593-5ab6-4571-bdfd-7552c98cdd2e,2201683,CC-BY-NC,Cercospora coffeicola,cercospora,field_test,needs_id,2026-05-03,15.4,-90.4,1,0,https://www.inaturalist.org/photos/655088698
665411647,e8840c33-808e-4022-8881-fd8bee960973,2201683,CC-BY-NC,Cercospora coffeicola,cercospora,field_test,needs_id,2026-05-03,15.4,-90.4,1,0,https://www.inaturalist.org/photos/665411647
665411864,e8840c33-808e-4022-8881-fd8bee960973,2201683,CC-BY-NC,Cercospora coffeicola,cercospora,field_test,needs_id,2026-05-03,15.4,-90.4,1,0,https://www.inaturalist.org/photos/665411864
665411896,e8840c33-808e-4022-8881-fd8bee960973,2201683,CC-BY-NC,Cercospora coffeicola,cercospora,field_test,needs_id,2026-05-03,15.4,-90.4,1,0,https://www.inaturalist.org/photos/665411896
703414364,56691dcc-bb2e-46ad-a4c9-70f96a0a7d1f,6277989,CC-BY-NC,Cercospora coffeicola,cercospora,field_test,needs_id,2026-07-23,10.1,-84.5,0,0,https://www.inaturalist.org/photos/703414364
720496419,c0063511-3173-4839-851d-5106f7831074,4692786,CC-BY-NC-ND,Cercospora coffeicola,cercospora,field_test,needs_id,2026-06-14,4.4,-74.4,0,0,https://www.inaturalist.org/photos/720496419
720496449,c0063511-3173-4839-851d-5106f7831074,4692786,CC-BY-NC-ND,Cercospora coffeicola,cercospora,field_test,needs_id,2026-06-14,4.4,-74.4,0,0,https://www.inaturalist.org/photos/720496449
720496476,c0063511-3173-4839-851d-5106f7831074,4692786,CC-BY-NC-ND,Cercospora coffeicola,cercospora,field_test,needs_id,2026-06-14,4.4,-74.4,0,0,https://www.inaturalist.org/photos/720496476
125562239,40a0a622-9049-4368-9039-557ca9f1a938,50920,CC-BY-NC,Cercospora coffeicola,cercospora,field_train,needs_id,2021-05-02,26.4,-82.0,0,0,https://www.inaturalist.org/photos/125562239
182734061,ed770840-8998-490d-b7f8-2c8214af7ec7,2840714,CC-BY,Cercospora coffeicola,cercospora,field_train,research,2022-03-13,27.7,-82.7,0,0,https://www.inaturalist.org/photos/182734061
182734077,ed770840-8998-490d-b7f8-2c8214af7ec7,2840714,CC-BY,Cercospora coffeicola,cercospora,field_train,research,2022-03-13,27.7,-82.7,0,0,https://www.inaturalist.org/photos/182734077
182734092,ed770840-8998-490d-b7f8-2c8214af7ec7,2840714,CC-BY,Cercospora coffeicola,cercospora,field_train,research,2022-03-13,27.7,-82.7,0,0,https://www.inaturalist.org/photos/182734092
213845454,ce50f9d1-475b-4700-9f06-4c9f1b9c3abe,5859758,CC-BY-NC,Cercospora coffeicola,cercospora,field_train,research,2022-07-13,9.9,-83.7,0,0,https://www.inaturalist.org/photos/213845454
251365245,a2c279ac-236e-40c0-9cb9-7b5e25878c6e,430162,CC-BY-NC,Cercospora coffeicola,cercospora,field_train,research,2023-01-08,8.5,-81.1,0,0,https://www.inaturalist.org/photos/251365245
251365266,a2c279ac-236e-40c0-9cb9-7b5e25878c6e,430162,CC-BY-NC,Cercospora coffeicola,cercospora,field_train,research,2023-01-08,8.5,-81.1,0,0,https://www.inaturalist.org/photos/251365266
251365291,a2c279ac-236e-40c0-9cb9-7b5e25878c6e,430162,CC-BY-NC,Cercospora coffeicola,cercospora,field_train,research,2023-01-08,8.5,-81.1,0,0,https://www.inaturalist.org/photos/251365291
258748352,00ab86ac-e31a-4bd1-b0e4-cb7e9e3c3726,6537978,CC-BY-NC,Cercospora coffeicola,cercospora,field_train,research,2020-08-18,24.3,120.8,0,0,https://www.inaturalist.org/photos/258748352
258748358,00ab86ac-e31a-4bd1-b0e4-cb7e9e3c3726,6537978,CC-BY-NC,Cercospora coffeicola,cercospora,field_train,research,2020-08-18,24.3,120.8,0,0,https://www.inaturalist.org/photos/258748358
258748401,00ab86ac-e31a-4bd1-b0e4-cb7e9e3c3726,6537978,CC-BY-NC,Cercospora coffeicola,cercospora,field_train,research,2020-08-18,24.3,120.8,0,0,https://www.inaturalist.org/photos/258748401
258748429,00ab86ac-e31a-4bd1-b0e4-cb7e9e3c3726,6537978,CC-BY-NC,Cercospora coffeicola,cercospora,field_train,research,2020-08-18,24.3,120.8,0,0,https://www.inaturalist.org/photos/258748429
258748431,00ab86ac-e31a-4bd1-b0e4-cb7e9e3c3726,6537978,CC-BY-NC,Cercospora coffeicola,cercospora,field_train,research,2020-08-18,24.3,120.8,0,0,https://www.inaturalist.org/photos/258748431
258748486,00ab86ac-e31a-4bd1-b0e4-cb7e9e3c3726,6537978,CC-BY-NC,Cercospora coffeicola,cercospora,field_train,research,2020-08-18,24.3,120.8,0,0,https://www.inaturalist.org/photos/258748486
258748530,00ab86ac-e31a-4bd1-b0e4-cb7e9e3c3726,6537978,CC-BY-NC,Cercospora coffeicola,cercospora,field_train,research,2020-08-18,24.3,120.8,0,0,https://www.inaturalist.org/photos/258748530
258748560,00ab86ac-e31a-4bd1-b0e4-cb7e9e3c3726,6537978,CC-BY-NC,Cercospora coffeicola,cercospora,field_train,research,2020-08-18,24.3,120.8,0,0,https://www.inaturalist.org/photos/258748560
258748564,00ab86ac-e31a-4bd1-b0e4-cb7e9e3c3726,6537978,CC-BY-NC,Cercospora coffeicola,cercospora,field_train,research,2020-08-18,24.3,120.8,0,0,https://www.inaturalist.org/photos/258748564
259114541,9e31ffdf-667e-4ba3-a89e-17dd03bf477e,5328515,CC-BY-NC-ND,Cercospora coffeicola,cercospora,field_train,research,2020-12-05,24.3,120.9,0,0,https://www.inaturalist.org/photos/259114541
259114577,9e31ffdf-667e-4ba3-a89e-17dd03bf477e,5328515,CC-BY-NC-ND,Cercospora coffeicola,cercospora,field_train,research,2020-12-05,24.3,120.9,0,0,https://www.inaturalist.org/photos/259114577
358880371,c76ae2e3-163f-4fc0-a2c2-8de70290a9e4,161086,CC-BY-NC,Cercospora coffeicola,cercospora,field_train,research,2024-03-16,4.4,-75.5,0,0,https://www.inaturalist.org/photos/358880371
2362410,92bf87e3-0ce3-4ac8-85a7-44edb8611850,131178,CC-BY-NC,Coffea arabica,coffea,coffea_eval,casual,2015-02-16,,,0,0,https://www.inaturalist.org/photos/2362410
2788934,4960fe9a-1cbc-44d4-a2f9-acae2878228a,153794,CC-BY-NC,Coffea arabica,coffea,coffea_eval,casual,2015-11-12,40.0,-105.3,0,0,https://www.inaturalist.org/photos/2788934
4203685,72da8de7-5e70-4de1-b197-25c902fe08b3,234065,CC-BY-SA,Coffea arabica,coffea,coffea_eval,casual,2010-08-27,17.8,-96.6,1,1,https://www.inaturalist.org/photos/4203685
5062525,26b6eb0f-98cb-4661-a069-ea6f79e01387,187967,CC0,Coffea arabica,coffea,coffea_eval,research,2016-09-29,19.5,-96.9,1,1,https://www.inaturalist.org/photos/5062525
5587602,19f54b2d-966c-4124-839e-e5a79d99f66d,368836,CC-BY-NC,Coffea arabica,coffea,coffea_eval,casual,2009-08-02,19.0,-99.1,1,1,https://www.inaturalist.org/photos/5587602
6883998,b9b2197f-451b-4fed-8c06-0f34e9f5a37b,424829,CC-BY-NC,Coffea arabica,coffea,coffea_eval,casual,2017-04-04,4.7,-74.1,0,0,https://www.inaturalist.org/photos/6883998
18817179,a6f47b7b-c0a4-43f8-9fa0-98b862e716fd,975206,CC-BY-NC,Coffea arabica,coffea,coffea_eval,research,2018-05-28,14.1,145.2,0,0,https://www.inaturalist.org/photos/18817179
21114546,69e5c5ac-6ed1-4910-8615-f1d12fe738b4,953445,CC-BY-NC,Coffea arabica,coffea,coffea_eval,casual,2018-07-05,-0.4,-77.0,0,0,https://www.inaturalist.org/photos/21114546
22474704,f14d9936-5032-486d-a50b-4e82fea0790e,1078783,CC-BY-NC,Coffea arabica,coffea,coffea_eval,casual,2011-04-21,-6.4,-76.5,0,0,https://www.inaturalist.org/photos/22474704
22677652,34e0463b-ca68-4859-b5cd-0f07af827706,990532,CC-BY,Coffea arabica,coffea,coffea_eval,casual,2018-08-05,5.8,-73.0,0,0,https://www.inaturalist.org/photos/22677652
22903800,9b7d62ab-9b29-4923-8958-8c590930bbc3,1134179,CC-BY-NC,Coffea arabica,coffea,coffea_eval,casual,2012-06-17,20.5,-98.1,1,1,https://www.inaturalist.org/photos/22903800
23039350,c95193df-28fe-4243-b777-1dd8b24c54ae,380080,CC-BY-NC,Coffea arabica,coffea,coffea_eval,casual,2018-08-05,20.6,-103.3,1,1,https://www.inaturalist.org/photos/23039350
27692630,be33c725-7179-4aa2-86cc-14bb3ee3b94a,738773,CC-BY-NC,Coffea arabica,coffea,coffea_eval,casual,2018-11-03,-21.3,55.4,0,0,https://www.inaturalist.org/photos/27692630
29641246,bfb500fd-2727-4b4e-b623-61b8cf955c99,1226956,CC-BY-NC,Coffea arabica,coffea,coffea_eval,casual,2018-12-29,25.0,121.5,0,0,https://www.inaturalist.org/photos/29641246
31636409,451741f4-fd63-465c-90c3-5554356a3074,608898,CC-BY-NC,Coffea arabica,coffea,coffea_eval,research,2019-02-19,-23.4,-51.9,0,0,https://www.inaturalist.org/photos/31636409
31799703,fc0ed782-cc86-46ff-838b-b651c904e180,1487245,CC-BY-NC,Coffea arabica,coffea,coffea_eval,needs_id,2019-02-23,5.4,100.3,0,0,https://www.inaturalist.org/photos/31799703
31834687,6435cf04-5e87-433d-8477-4f4eab24d202,1487643,CC-BY-NC,Coffea arabica,coffea,coffea_eval,needs_id,2019-02-23,5.4,100.3,0,0,https://www.inaturalist.org/photos/31834687
32564906,0d74b765-8ee6-42c1-bf33-70831ff58ab5,1486527,CC-BY-NC,Coffea arabica,coffea,coffea_eval,research,2019-03-06,20.9,-156.2,0,0,https://www.inaturalist.org/photos/32564906
36466990,a418bbe8-f3f9-4775-9dc8-d9145fef4092,1202802,CC-BY-NC,Coffea arabica,coffea,coffea_eval,casual,2019-04-27,17.0,-91.6,1,1,https://www.inaturalist.org/photos/36466990
37649440,990edb4b-61e8-48bf-9bd0-22f15ca8a732,1602815,CC-BY-NC,Coffea arabica,coffea,coffea_eval,casual,2019-04-27,-16.1,-68.0,0,0,https://www.inaturalist.org/photos/37649440
38052485,3932497a-b547-46bf-b6d1-47fef95c58ae,1650794,CC-BY-NC-ND,Coffea arabica,coffea,coffea_eval,research,2019-05-05,-23.6,-46.9,0,0,https://www.inaturalist.org/photos/38052485
39403878,3c028475-ea1d-465e-abae-8e092d5a8ba1,1758902,CC-BY-NC,Coffea arabica,coffea,coffea_eval,research,2019-05-16,17.0,-91.6,1,1,https://www.inaturalist.org/photos/39403878
41265975,ad1b3658-a80a-4d0c-a4ae-7f4b092a7b0b,1180608,CC-BY-NC,Coffea arabica,coffea,coffea_eval,casual,2019-06-05,34.1,-118.1,0,0,https://www.inaturalist.org/photos/41265975
48252603,6a9482d8-d4cb-4344-9404-d76cc541b6f5,1860816,CC-BY-NC,Coffea arabica,coffea,coffea_eval,research,2019-07-27,18.3,-66.9,0,0,https://www.inaturalist.org/photos/48252603
49663608,14351963-0fe2-4fec-b40c-31e304ea62af,854537,CC-BY-NC-ND,Coffea arabica,coffea,coffea_eval,research,2019-08-29,-5.5,104.4,0,0,https://www.inaturalist.org/photos/49663608
50819918,83a694d4-19f1-44cf-bb63-020e0ff32520,2101809,CC-BY-NC,Coffea arabica,coffea,coffea_eval,casual,2019-09-09,59.9,10.7,0,0,https://www.inaturalist.org/photos/50819918
55407825,32df18eb-be52-46fd-9e08-b52ba1b2e56b,2131252,CC-BY-NC,Coffea arabica,coffea,coffea_eval,research,2019-09-24,-21.0,55.4,0,0,https://www.inaturalist.org/photos/55407825
56688888,c6410314-402b-46ef-bba9-978ca60ab746,2262425,CC-BY-NC,Coffea arabica,coffea,coffea_eval,casual,2019-11-21,54.9,37.2,0,0,https://www.inaturalist.org/photos/56688888
56869926,626122c9-4981-4a25-aa23-f94cee46fe59,2454858,CC-BY-NC,Coffea arabica,coffea,coffea_eval,research,2019-11-23,22.1,-80.4,0,0,https://www.inaturalist.org/photos/56869926
58058499,e0900785-9c38-4f38-a8fe-6e9f0d0b275b,1189406,CC-BY,Coffea arabica,coffea,coffea_eval,research,2019-12-11,8.8,-82.5,0,0,https://www.inaturalist.org/photos/58058499
58251163,8540d983-e6bc-4ebf-a4ba-51cd67da2eb9,2000601,CC-BY-NC-ND,Coffea arabica,coffea,coffea_eval,casual,2019-12-20,14.1,-87.1,0,0,https://www.inaturalist.org/photos/58251163
61321736,b4673dd5-d943-49b9-bd91-e95c8c3fba2c,1498955,CC-BY-NC,Coffea arabica,coffea,coffea_eval,research,2020-01-12,16.1,-97.1,1,1,https://www.inaturalist.org/photos/61321736
65412563,b5dbb1d0-aa20-496c-a684-33535b3b9cb8,735021,CC-BY-NC,Coffea arabica,coffea,coffea_eval,research,2020-04-02,9.0,76.9,0,0,https://www.inaturalist.org/photos/65412563
68585100,6c52fd01-e717-4cb8-9631-1cfd3745adb0,2827510,CC-BY-NC,Coffea arabica,coffea,coffea_eval,research,2020-04-24,8.0,-80.5,0,0,https://www.inaturalist.org/photos/68585100
69093568,bd4af2e7-7427-49ed-946c-83514b4f26fd,927037,CC-BY-NC,Coffea arabica,coffea,coffea_eval,casual,2020-04-26,23.4,120.7,0,0,https://www.inaturalist.org/photos/69093568
69597736,8022554b-7ca7-4f8a-88d5-c3c56705bb8c,1060786,CC-BY-NC-SA,Coffea arabica,coffea,coffea_eval,casual,2020-04-27,24.8,121.3,0,0,https://www.inaturalist.org/photos/69597736
71718521,9c206e9b-5aa0-46e1-afa3-938199b7ba68,2828502,CC-BY-NC,Coffea arabica,coffea,coffea_eval,research,2020-05-06,18.2,-66.5,0,0,https://www.inaturalist.org/photos/71718521
77155277,180e08b8-92ca-4f50-af8a-d9fa9e48a429,1814167,CC-BY-NC,Coffea arabica,coffea,coffea_eval,casual,2020-05-31,24.2,121.6,0,0,https://www.inaturalist.org/photos/77155277
77319249,3271d55b-fdbe-4dce-9ad3-75539461c41a,2779306,CC-BY,Coffea arabica,coffea,coffea_eval,research,2020-06-05,8.8,-82.8,0,0,https://www.inaturalist.org/photos/77319249
81752792,6cdf1d60-13af-40e7-8ab4-e01b6b5cff35,2419549,CC-BY-NC,Coffea arabica,coffea,coffea_eval,research,2020-06-28,28.0,83.3,0,0,https://www.inaturalist.org/photos/81752792
83657817,1610187f-0208-4de7-88ed-6dc23c487fc2,2829023,CC-BY-NC,Coffea arabica,coffea,coffea_eval,research,2020-07-10,16.7,-92.6,1,1,https://www.inaturalist.org/photos/83657817
83982356,dd1cfb08-52ea-48d9-a1c7-43cbf0e78cbb,144177,CC-BY,Coffea arabica,coffea,coffea_eval,needs_id,2020-07-12,7.2,125.5,0,0,https://www.inaturalist.org/photos/83982356
88171885,fe7c9419-5e7f-478c-bdb0-c4dd47a11331,3389978,CC-BY,Coffea arabica,coffea,coffea_eval,research,2018-06-02,10.1,77.5,0,0,https://www.inaturalist.org/photos/88171885
92700141,a2b515fd-af15-46b6-841c-e027625e93e1,2467347,CC-BY-NC,Coffea arabica,coffea,coffea_eval,research,2019-01-06,-0.3,36.1,0,0,https://www.inaturalist.org/photos/92700141
93928605,96c09b91-38b8-4d13-8854-5aef8e4357a3,1567578,CC-BY-NC,Coffea arabica,coffea,coffea_eval,research,2020-09-06,27.6,85.4,0,0,https://www.inaturalist.org/photos/93928605
94949801,c8afddc8-473a-41d0-9fd2-b07ec8c456d3,3410888,CC-BY-NC,Coffea arabica,coffea,coffea_eval,casual,2020-09-13,24.1,120.7,0,0,https://www.inaturalist.org/photos/94949801
97090806,409eecf0-82f9-4c39-9c47-d202f0e1fcd9,3560627,CC-BY-NC,Coffea arabica,coffea,coffea_eval,casual,2020-09-15,4.7,-74.1,0,0,https://www.inaturalist.org/photos/97090806
97132682,075d3aba-0f08-4818-a3a6-b7638f94ac90,1314854,CC-BY-NC,Coffea arabica,coffea,coffea_eval,casual,2020-09-25,52.5,13.3,0,0,https://www.inaturalist.org/photos/97132682
97609332,289cc760-fe39-4bc3-a6d7-dccaa3af1716,2820474,CC-BY-NC,Coffea arabica,coffea,coffea_eval,needs_id,2020-09-27,-35.7,-63.7,0,0,https://www.inaturalist.org/photos/97609332
97823888,b5bee14b-571e-4996-8207-cb5820445e75,8026,CC-BY-NC,Coffea arabica,coffea,coffea_eval,needs_id,2020-09-27,-25.5,-54.6,0,0,https://www.inaturalist.org/photos/97823888
98651315,514b3f5e-fccd-400a-b5f1-0ab9b48ef84f,2195051,CC-BY-NC,Coffea arabica,coffea,coffea_eval,casual,2020-10-04,24.2,120.9,0,0,https://www.inaturalist.org/photos/98651315
103286456,9e69a0f5-01a0-4966-ab7f-ab1464e41920,3798175,CC-BY-NC,Coffea arabica,coffea,coffea_eval,research,2020-11-02,-4.0,-79.2,0,0,https://www.inaturalist.org/photos/103286456
106515371,58cf03cc-6d93-4ceb-97d7-cb3a5aade28d,1072951,CC-BY-NC,Coffea arabica,coffea,coffea_eval,casual,2020-12-05,23.7,120.8,0,0,https://www.inaturalist.org/photos/106515371
110068250,f112a942-6b9a-4ddb-82e1-1f7c144fa0b9,3948516,CC-BY,Coffea arabica,coffea,coffea_eval,research,2019-04-01,14.7,-91.3,1,0,https://www.inaturalist.org/photos/110068250
111191367,cb1fdd7f-3b7e-45fa-9305-83d8dc012469,1243114,CC-BY-NC,Coffea arabica,coffea,coffea_eval,casual,2017-11-01,21.9,101.3,0,0,https://www.inaturalist.org/photos/111191367
114684252,170b2c09-5620-4a29-8514-9587cfb061c3,3318179,CC-BY-NC,Coffea arabica,coffea,coffea_eval,research,2021-03-03,21.4,-158.2,0,0,https://www.inaturalist.org/photos/114684252
116388149,97aa96ab-d3c2-4e71-847c-fb94379cc2e2,4108908,CC-BY-NC,Coffea arabica,coffea,coffea_eval,casual,2021-03-07,3.9,-76.2,0,0,https://www.inaturalist.org/photos/116388149
117217296,e29ee096-58b8-41b8-82af-32cba86cf571,4127597,CC-BY-NC,Coffea arabica,coffea,coffea_eval,casual,2021-03-24,18.3,-67.2,0,0,https://www.inaturalist.org/photos/117217296
120134930,8a3da477-6b13-432c-ad11-7cd306d18e75,2561945,CC-BY-NC,Coffea arabica,coffea,coffea_eval,research,2021-04-10,21.1,-156.8,0,0,https://www.inaturalist.org/photos/120134930
120143372,e15252a8-2cea-4321-b075-daa85d785039,3498090,CC-BY-NC,Coffea arabica,coffea,coffea_eval,needs_id,2021-04-11,-7.8,110.1,0,0,https://www.inaturalist.org/photos/120143372
122721454,1b909928-e8c2-4465-a44a-86a004d84785,4269943,CC-BY-NC,Coffea arabica,coffea,coffea_eval,casual,2021-04-24,3.0,-76.7,0,0,https://www.inaturalist.org/photos/122721454
125759155,76ec6cfc-e207-470f-8497-5e268de226f7,4222463,CC-BY-NC,Coffea arabica,coffea,coffea_eval,casual,2021-05-03,25.2,121.5,0,0,https://www.inaturalist.org/photos/125759155
126518070,a5f265ae-b0e7-4d54-9e8d-98c971bdd9ad,4246382,CC-BY-NC,Coffea arabica,coffea,coffea_eval,casual,2021-05-03,24.2,120.7,0,0,https://www.inaturalist.org/photos/126518070
130473600,fe999111-d927-4fa0-944b-291d189bb164,960723,CC-BY-NC,Coffea arabica,coffea,coffea_eval,casual,2021-05-18,22.4,114.2,0,0,https://www.inaturalist.org/photos/130473600
131863895,e0152e56-3b6d-40ea-804c-ab075d1b8a0f,1767503,CC-BY-NC,Coffea arabica,coffea,coffea_eval,research,2021-05-26,22.0,-159.4,0,0,https://www.inaturalist.org/photos/131863895
132076473,2722ed5c-58cf-401a-ab60-be0fdfc6a823,4446281,CC-BY,Coffea arabica,coffea,coffea_eval,casual,2021-05-28,25.1,121.8,0,0,https://www.inaturalist.org/photos/132076473
136593823,15b0deee-00ab-4006-8f6f-67e25100216f,4571345,CC-BY-NC,Coffea arabica,coffea,coffea_eval,research,2021-06-15,21.5,-158.1,0,0,https://www.inaturalist.org/photos/136593823
136719768,f997fb37-1d4b-4aa6-badc-e5af9ee608b9,4062341,CC-BY,Coffea arabica,coffea,coffea_eval,casual,2021-06-16,48.9,8.4,0,0,https://www.inaturalist.org/photos/136719768
136943183,92f3f9bd-b6fc-4223-ae56-6e2c57ddf3d4,4585998,CC-BY-NC,Coffea arabica,coffea,coffea_eval,casual,2021-06-17,,,0,0,https://www.inaturalist.org/photos/136943183
137003164,5f3df4ed-9adf-4679-b857-d310d4645091,4365830,CC-BY-NC,Coffea arabica,coffea,coffea_eval,research,2021-06-17,18.3,-66.8,0,0,https://www.inaturalist.org/photos/137003164
139129537,914e7bf7-122a-4aa5-9a69-e1efadf7c537,4618537,CC-BY-NC,Coffea arabica,coffea,coffea_eval,casual,2021-02-05,3.2,98.5,0,0,https://www.inaturalist.org/photos/139129537
140329974,a7fef811-8436-4bf7-a83b-aed0b802d95c,4326997,CC-BY-NC,Coffea arabica,coffea,coffea_eval,research,2017-07-30,16.7,-92.6,1,1,https://www.inaturalist.org/photos/140329974
144314614,3a870998-4ff2-4e39-985e-7cdee812e498,2322648,CC-BY-NC,Coffea arabica,coffea,coffea_eval,research,2021-07-18,-27.4,153.0,0,0,https://www.inaturalist.org/photos/144314614
144632066,0277f606-b6c4-4569-81dc-04004877f22a,4739761,CC-BY-NC,Coffea arabica,coffea,coffea_eval,casual,2021-07-19,40.1,-83.0,0,0,https://www.inaturalist.org/photos/144632066
145309124,a1b3244b-78f7-4a48-b40f-8dd36a0ddb30,298956,CC-BY,Coffea arabica,coffea,coffea_eval,research,2018-04-26,20.3,-74.3,0,0,https://www.inaturalist.org/photos/145309124
148446730,92f5fae0-860f-4af1-a1b2-783c86462808,463507,CC-BY-NC,Coffea arabica,coffea,coffea_eval,casual,2021-07-30,18.9,-99.2,1,1,https://www.inaturalist.org/photos/148446730
149112267,14a84112-eed5-4940-b282-38af36e94cdc,4396757,CC-BY-NC,Coffea arabica,coffea,coffea_eval,research,2021-08-07,9.6,123.9,0,0,https://www.inaturalist.org/photos/149112267
151554775,da4359a0-18fc-4d22-bd3c-47509fb6f291,2529373,CC-BY-NC,Coffea arabica,coffea,coffea_eval,research,2021-08-15,-9.2,-76.0,0,0,https://www.inaturalist.org/photos/151554775
155314627,8daafa69-47a5-48ef-93c4-a0cdff12823b,4068907,CC-BY-NC,Coffea arabica,coffea,coffea_eval,research,2021-09-05,11.1,76.1,0,0,https://www.inaturalist.org/photos/155314627
157288304,87f7ba5c-ff1c-4cdb-aac8-43a933b3d177,4638000,CC-BY-NC,Coffea arabica,coffea,coffea_eval,casual,2021-09-14,42.7,23.3,0,0,https://www.inaturalist.org/photos/157288304
157770387,03d97bb1-4179-40f4-b76b-ba5e14479221,4963544,CC-BY-NC,Coffea arabica,coffea,coffea_eval,research,2021-09-14,-0.9,-89.5,0,0,https://www.inaturalist.org/photos/157770387
170660149,d1e153d1-eab6-4fbb-be8a-d59f873df65a,5236363,CC-BY-NC,Coffea arabica,coffea,coffea_eval,casual,2021-11-28,8.9,-82.6,0,0,https://www.inaturalist.org/photos/170660149
171061499,a7debe31-2c44-4a22-bc2b-715800dc1214,3218666,CC-BY-NC,Coffea arabica,coffea,coffea_eval,research,2016-12-04,0.2,-77.2,0,0,https://www.inaturalist.org/photos/171061499
172655648,aa3262d4-5e96-4ccd-996c-be92f65486e3,188597,CC-BY,Coffea arabica,coffea,coffea_eval,research,2021-12-15,10.3,-84.8,0,0,https://www.inaturalist.org/photos/172655648
173698287,c9f1fb5e-65f9-4835-88b3-b1af1c2a7531,3482703,CC-BY-NC-ND,Coffea arabica,coffea,coffea_eval,casual,2021-12-26,21.5,-158.0,0,0,https://www.inaturalist.org/photos/173698287
177174255,5e39d6b0-5e7e-493a-a423-32c591c0e0db,5310481,CC-BY-NC,Coffea arabica,coffea,coffea_eval,casual,2022-01-25,-0.9,-89.6,0,0,https://www.inaturalist.org/photos/177174255
177554492,e9362f2e-4270-4b11-9a71-e1d3b590bb9c,4786540,CC-BY-NC,Coffea arabica,coffea,coffea_eval,casual,2022-01-28,-0.9,-89.5,0,0,https://www.inaturalist.org/photos/177554492
177985876,d412265b-0636-4652-a235-22af01c65cd2,3227221,CC-BY-NC,Coffea arabica,coffea,coffea_eval,casual,2022-01-28,-0.9,-89.5,0,0,https://www.inaturalist.org/photos/177985876
178539471,2c0dd900-2d23-4579-a1a5-4beeb090205e,2899624,CC-BY-NC,Coffea arabica,coffea,coffea_eval,research,2022-02-06,14.6,-91.1,1,0,https://www.inaturalist.org/photos/178539471
178639022,27f6a7ef-4a50-46ed-9e5d-42413737f908,5328719,CC-BY-NC,Coffea arabica,coffea,coffea_eval,research,2022-02-05,2.5,-76.8,0,0,https://www.inaturalist.org/photos/178639022
180474123,e975a40b-f04a-4dd1-a433-914b15a1e739,368287,CC-BY-NC,Coffea arabica,coffea,coffea_eval,needs_id,2021-12-16,11.1,-74.1,0,0,https://www.inaturalist.org/photos/180474123
185149871,e8893d62-f823-452d-917b-dabd482523a7,2073402,CC-BY-NC,Coffea arabica,coffea,coffea_eval,research,2022-03-28,10.1,-84.2,0,0,https://www.inaturalist.org/photos/185149871
187370891,1b89ff5f-bfe5-489e-bb31-a4b3b200faa6,1138701,CC-BY-NC-SA,Coffea arabica,coffea,coffea_eval,casual,2022-04-10,38.7,-9.2,0,0,https://www.inaturalist.org/photos/187370891
191417656,3f6f69f3-d817-4f27-8006-e448b3d9a5c5,5528821,CC-BY-NC,Coffea arabica,coffea,coffea_eval,casual,2022-04-29,23.6,120.7,0,0,https://www.inaturalist.org/photos/191417656
191474494,4377c1f7-ca82-40bd-a213-0ae1b4d5ab80,5518491,CC-BY-NC,Coffea arabica,coffea,coffea_eval,casual,2022-04-29,23.8,120.6,0,0,https://www.inaturalist.org/photos/191474494
193962387,4911f3db-1ae2-4ef4-9a47-f9ab3d80e57e,5619767,CC-BY-NC,Coffea arabica,coffea,coffea_eval,research,2021-09-04,19.2,-96.9,1,1,https://www.inaturalist.org/photos/193962387
197772247,9cac27f6-4cb7-4540-9032-090954a88032,4451862,CC-BY-NC,Coffea arabica,coffea,coffea_eval,casual,2022-05-14,-0.7,-77.7,0,0,https://www.inaturalist.org/photos/197772247
198556843,25d4de54-81b8-4f51-b297-113563d452fa,5566020,CC-BY-NC,Coffea arabica,coffea,coffea_eval,casual,2022-05-18,24.9,121.3,0,0,https://www.inaturalist.org/photos/198556843
202879636,e13dc5a5-221b-4a5a-9871-997d13602a04,5751802,CC-BY-NC,Coffea arabica,coffea,coffea_eval,research,2022-06-03,-7.3,107.4,0,0,https://www.inaturalist.org/photos/202879636
204424219,cf03fdef-eec4-4005-855d-e031c759e45b,5396451,CC-BY-NC,Coffea arabica,coffea,coffea_eval,casual,2022-06-08,19.0,-97.0,1,1,https://www.inaturalist.org/photos/204424219
208945878,68284fbd-ee8b-40d7-aa5c-3e1611b1eb36,4411637,CC-BY-NC,Coffea arabica,coffea,coffea_eval,casual,2022-06-25,28.4,-16.5,0,0,https://www.inaturalist.org/photos/208945878
209954478,6aa6c397-259a-4c57-90a8-92dc100bc23d,5751266,CC-BY-NC,Coffea arabica,coffea,coffea_eval,casual,,19.3,-99.0,1,1,https://www.inaturalist.org/photos/209954478
211261830,980d8dc1-3dd1-4e79-b883-871f8a256894,2414633,CC-BY-NC,Coffea arabica,coffea,coffea_eval,casual,2022-06-24,14.7,-91.3,1,0,https://www.inaturalist.org/photos/211261830
212449147,bf9d6079-80c3-4c40-ae01-dba91224ac78,5505560,CC-BY-NC,Coffea arabica,coffea,coffea_eval,casual,2022-07-08,28.5,-81.5,0,0,https://www.inaturalist.org/photos/212449147
215322827,a30834ec-bd2b-4675-a99f-103f943e34fe,5744191,CC-BY-NC,Coffea arabica,coffea,coffea_eval,research,2022-07-17,-2.4,-80.3,0,0,https://www.inaturalist.org/photos/215322827
218212240,b57fe93e-a6e9-40d7-beb6-511628015b31,2168653,CC-BY-NC,Coffea arabica,coffea,coffea_eval,casual,2022-07-29,43.0,-71.5,0,0,https://www.inaturalist.org/photos/218212240
218648695,23e50e15-6d4f-41f5-9b1f-8c78db43a2f4,138078,CC-BY,Coffea arabica,coffea,coffea_eval,casual,2022-07-23,21.5,-99.0,1,1,https://www.inaturalist.org/photos/218648695
222809960,41e082f2-87bc-47f4-9c61-a1a5f99a2965,5513355,CC-BY-NC,Coffea arabica,coffea,coffea_eval,research,2022-06-02,-15.3,-47.8,0,0,https://www.inaturalist.org/photos/222809960
230994075,966c11f9-18a5-49ca-a961-2a3237d7370c,5912007,CC-BY-NC,Coffea arabica,coffea,coffea_eval,casual,2022-09-17,18.9,-99.2,1,1,https://www.inaturalist.org/photos/230994075
232114155,ff7010ec-e77c-4e37-97f6-86a44c741647,3261550,CC-BY-NC,Coffea arabica,coffea,coffea_eval,casual,2022-09-22,36.4,-78.2,0,0,https://www.inaturalist.org/photos/232114155
238949146,8175818d-f276-4560-9d4d-6a58e4be55d4,429191,CC-BY-NC,Coffea arabica,coffea,coffea_eval,research,2022-10-22,13.7,-89.3,0,0,https://www.inaturalist.org/photos/238949146
239054492,4e44e592-0006-43e6-8cf5-3f88da3fb786,4402220,CC-BY,Coffea arabica,coffea,coffea_eval,casual,2022-10-23,38.7,-27.2,0,0,https://www.inaturalist.org/photos/239054492
239809034,9f0a2018-ce5c-48c5-9682-09a336ea0312,5153546,CC-BY-NC,Coffea arabica,coffea,coffea_eval,research,2022-10-26,18.8,-97.0,1,1,https://www.inaturalist.org/photos/239809034
240830084,b2b1cb9e-83cc-4bdf-b7e0-81d43f4b407c,6271378,CC-BY-NC,Coffea arabica,coffea,coffea_eval,casual,2022-10-30,2.8,-75.3,0,0,https://www.inaturalist.org/photos/240830084
241285997,82b626e6-a386-4e24-9c42-9c70a0979db9,6236347,CC-BY-NC,Coffea arabica,coffea,coffea_eval,casual,2022-11-02,,,0,0,https://www.inaturalist.org/photos/241285997
243701582,61c99fd4-0c88-40d1-832f-5ce5b64b102b,6312365,CC-BY-NC,Coffea arabica,coffea,coffea_eval,casual,2022-11-12,26.3,-80.1,0,0,https://www.inaturalist.org/photos/243701582
243831862,90a925de-0606-479c-a5a7-70bffff94d5d,6068480,CC-BY-NC,Coffea arabica,coffea,coffea_eval,casual,2022-11-17,40.5,-80.0,0,0,https://www.inaturalist.org/photos/243831862
244640990,6391a67e-2d0e-4bc3-a51e-1221e5e3bce1,771335,CC-BY-NC,Coffea arabica,coffea,coffea_eval,casual,2022-04-10,-30.7,30.3,0,0,https://www.inaturalist.org/photos/244640990
246205771,ad4f516a-da2d-42ab-87c3-d1ade083ade8,2578106,CC-BY-NC,Coffea arabica,coffea,coffea_eval,research,2022-10-30,7.8,98.3,0,0,https://www.inaturalist.org/photos/246205771
251618598,60d6e3db-9d24-49df-a0cd-cbb588a1098c,5145689,CC-BY-NC,Coffea arabica,coffea,coffea_eval,research,2022-12-22,-13.2,-72.5,0,0,https://www.inaturalist.org/photos/251618598
251711238,1f4ad63a-0c86-48cf-9b4b-e854c63c36c3,6428460,CC-BY-NC,Coffea arabica,coffea,coffea_eval,casual,2023-01-11,19.5,-96.9,1,1,https://www.inaturalist.org/photos/251711238
251750205,b24f7452-01e1-4844-b0a0-a0cb5a52f463,6275731,CC-BY-NC,Coffea arabica,coffea,coffea_eval,needs_id,2023-01-12,10.3,-84.8,0,0,https://www.inaturalist.org/photos/251750205
252811815,11e61eef-c2f7-44da-9b6d-8857f7546aec,2398513,CC0,Coffea arabica,coffea,coffea_eval,casual,2023-01-20,4.6,-75.6,0,0,https://www.inaturalist.org/photos/252811815
256401384,f0772ceb-bd64-43ad-a0bb-ce64f36b4933,6426247,CC-BY-NC,Coffea arabica,coffea,coffea_eval,casual,2023-01-15,-3.1,-79.8,0,0,https://www.inaturalist.org/photos/256401384
256530998,b6555a37-3b24-461a-ab64-8090372ad40d,5339666,CC-BY-NC,Coffea arabica,coffea,coffea_eval,casual,2007-06-06,28.4,-16.5,0,0,https://www.inaturalist.org/photos/256530998
256694931,5e7e0564-b431-404c-8086-5a895014b719,6427440,CC-BY-NC,Coffea arabica,coffea,coffea_eval,research,2023-02-17,-3.3,-79.7,0,0,https://www.inaturalist.org/photos/256694931
256757223,15a6fbda-6fac-454c-9c90-8f648c0a179b,6477156,CC-BY-NC,Coffea arabica,coffea,coffea_eval,research,2023-02-18,18.2,-66.8,0,0,https://www.inaturalist.org/photos/256757223
257106682,f0c60d69-17cb-4b5e-9346-9add2114881a,870912,CC-BY,Coffea arabica,coffea,coffea_eval,casual,2023-02-14,19.0,72.8,0,0,https://www.inaturalist.org/photos/257106682
257446257,d9798419-d411-41ee-aee8-a9a2a06ac32c,6025038,CC-BY-NC,Coffea arabica,coffea,coffea_eval,research,2023-02-11,10.5,-84.7,0,0,https://www.inaturalist.org/photos/257446257
257775033,faaad6e1-4834-4b88-8ef2-3232724d4838,4433219,CC-BY-NC,Coffea arabica,coffea,coffea_eval,casual,2023-02-24,10.5,-84.6,0,0,https://www.inaturalist.org/photos/257775033
260552123,2caf5c00-0764-427d-9428-9f0eab2736f4,4109384,CC-BY-NC,Coffea arabica,coffea,coffea_eval,casual,2023-03-13,27.6,-82.5,0,0,https://www.inaturalist.org/photos/260552123
263142760,d50b9eb6-f8b4-4503-99da-dfa237dd8a40,6359788,CC-BY-NC,Coffea arabica,coffea,coffea_eval,research,2023-03-26,8.8,-82.5,0,0,https://www.inaturalist.org/photos/263142760
263651081,03dfb59d-ab8f-4296-bee0-8a7444bdb735,6621067,CC-BY-NC,Coffea arabica,coffea,coffea_eval,casual,2023-03-29,23.8,120.6,0,0,https://www.inaturalist.org/photos/263651081
265184299,35bee427-07d7-4e00-9d52-c94dbcadf502,6637237,CC-BY-NC,Coffea arabica,coffea,coffea_eval,casual,2023-04-05,42.1,-82.7,0,0,https://www.inaturalist.org/photos/265184299
265987427,2d610f50-cc87-4cf2-b97c-4ffb2ebffb9e,5392346,CC-BY-NC,Coffea arabica,coffea,coffea_eval,research,2023-04-08,-7.0,-35.0,0,0,https://www.inaturalist.org/photos/265987427
266591700,98d9621e-3971-41e0-9f7c-80b90e848e4d,6661668,CC-BY-NC,Coffea arabica,coffea,coffea_eval,research,2023-04-10,18.2,-66.6,0,0,https://www.inaturalist.org/photos/266591700
269795841,9a4013b3-7c4c-458c-b57a-d3552ceae5ff,3384779,CC-BY-NC,Coffea arabica,coffea,coffea_eval,research,2023-04-21,8.8,-82.5,0,0,https://www.inaturalist.org/photos/269795841
271606264,7f4db8f5-1292-4b3f-a081-ca42ce3fd0a8,4400422,CC-BY-NC,Coffea arabica,coffea,coffea_eval,casual,2023-04-25,28.1,-15.7,0,0,https://www.inaturalist.org/photos/271606264
274665179,18be9113-e77a-478e-957a-b1a1c3839635,6743085,CC-BY-NC,Coffea arabica,coffea,coffea_eval,casual,2023-05-02,24.8,121.2,0,0,https://www.inaturalist.org/photos/274665179
276236933,da5c5af6-5ae0-4b12-b98d-bab5c7ff3fef,3028032,CC-BY,Coffea arabica,coffea,coffea_eval,casual,2023-05-05,50.6,29.9,0,0,https://www.inaturalist.org/photos/276236933
277336334,274f1657-8ab0-4004-9280-e618afe3a88f,3458548,CC-BY-NC,Coffea arabica,coffea,coffea_eval,research,2023-05-07,-21.1,149.0,0,0,https://www.inaturalist.org/photos/277336334
282939368,c095c236-67a4-4775-b6ad-ca130118b852,6430645,CC-BY-NC,Coffea arabica,coffea,coffea_eval,casual,2023-05-10,18.9,-98.6,1,1,https://www.inaturalist.org/photos/282939368
283216003,edf38e3c-57cb-4c22-a5f3-a890b20490b5,6921135,CC-BY-NC,Coffea arabica,coffea,coffea_eval,casual,2023-05-23,,,0,0,https://www.inaturalist.org/photos/283216003
284092629,f8c9f2d0-936e-462a-9e05-cd530e4e2245,3060978,CC-BY-NC,Coffea arabica,coffea,coffea_eval,research,2023-05-27,4.6,-75.6,0,0,https://www.inaturalist.org/photos/284092629
285074652,6368522e-481e-4ea0-88a4-b07c30b2f1c4,98904,CC-BY-NC,Coffea arabica,coffea,coffea_eval,research,2023-05-24,-0.7,-90.4,0,0,https://www.inaturalist.org/photos/285074652
288421287,c0055603-d81e-427e-a6c4-8d7c2ef15278,6804856,CC-BY-NC,Coffea arabica,coffea,coffea_eval,casual,2023-06-10,24.2,120.8,0,0,https://www.inaturalist.org/photos/288421287
294233708,57f55f23-184b-4bea-8468-920478cb9dad,2226346,CC-BY-NC,Coffea arabica,coffea,coffea_eval,casual,2023-06-26,35.2,-118.6,0,0,https://www.inaturalist.org/photos/294233708
296774188,92897eb0-1470-4a47-a1d1-c0d5b2b6cac3,6035273,CC-BY-NC,Coffea arabica,coffea,coffea_eval,research,2023-07-02,8.9,-79.9,0,0,https://www.inaturalist.org/photos/296774188
297276075,2dc87753-a563-471d-afab-43c455499ae6,6949901,CC-BY-NC,Coffea arabica,coffea,coffea_eval,casual,2023-07-06,22.8,121.1,0,0,https://www.inaturalist.org/photos/297276075
301700261,a0f4b35a-4c36-47aa-828e-5e4f543cb025,6221053,CC-BY-NC,Coffea arabica,coffea,coffea_eval,research,2023-07-17,-27.9,153.0,0,0,https://www.inaturalist.org/photos/301700261
305073834,354917b7-8526-4cad-b1db-62e3b438ad0d,6561006,CC-BY-NC,Coffea arabica,coffea,coffea_eval,research,2023-07-29,18.2,-66.9,0,0,https://www.inaturalist.org/photos/305073834
306149314,381251fc-a781-4402-821d-e49741477e36,7204606,CC-BY-NC,Coffea arabica,coffea,coffea_eval,research,2023-08-01,-27.5,-48.4,0,0,https://www.inaturalist.org/photos/306149314
306444597,ef614f17-c8a6-47a2-bb28-9dcffff7f920,5492438,CC-BY-NC,Coffea arabica,coffea,coffea_eval,casual,2023-07-29,-29.8,31.0,0,0,https://www.inaturalist.org/photos/306444597
315325333,b584e177-1eaa-47b3-b190-47775ca1e816,7325881,CC-BY-NC,Coffea arabica,coffea,coffea_eval,casual,2023-05-21,20.0,-103.6,1,1,https://www.inaturalist.org/photos/315325333
316440812,d640eaef-4119-4ec7-85ed-35a11b454d9e,7346835,CC-BY-NC,Coffea arabica,coffea,coffea_eval,casual,2023-09-02,-0.1,-78.8,0,0,https://www.inaturalist.org/photos/316440812
322815514,a0f1c005-14a9-45e7-8b10-63949957cb81,7448296,CC-BY-NC,Coffea arabica,coffea,coffea_eval,research,2023-09-22,24.4,-80.0,0,0,https://www.inaturalist.org/photos/322815514
332031729,8d54a204-3878-4312-a297-58e58507e476,7551826,CC-BY-NC,Coffea arabica,coffea,coffea_eval,casual,2023-10-30,6.2,-75.6,0,0,https://www.inaturalist.org/photos/332031729
333525270,66d535e2-87c7-4057-ae0b-fe202601568f,1059559,CC-BY-SA,Coffea arabica,coffea,coffea_eval,research,2023-11-05,11.7,76.0,0,0,https://www.inaturalist.org/photos/333525270
334300801,207fb31b-57a4-4aa9-9427-0cdbeaa6093e,366525,CC-BY-NC,Coffea arabica,coffea,coffea_eval,casual,2017-10-29,23.5,120.7,0,0,https://www.inaturalist.org/photos/334300801
335642866,ed2198cf-592e-465f-8708-ed426dd40364,6607432,CC-BY-NC,Coffea arabica,coffea,coffea_eval,casual,2023-11-18,25.0,121.5,0,0,https://www.inaturalist.org/photos/335642866
336743094,25701544-6d03-4725-be27-5354161a22a8,2731036,CC-BY-NC,Coffea arabica,coffea,coffea_eval,research,2023-11-23,-0.9,-89.5,0,0,https://www.inaturalist.org/photos/336743094
339991900,2c494e58-e60d-4399-b842-36084b58eb51,6315754,CC-BY-NC,Coffea arabica,coffea,coffea_eval,research,2023-12-09,9.1,-79.5,0,0,https://www.inaturalist.org/photos/339991900
340053287,7b39c9c8-de7f-4e13-a023-cdde9df3464a,6319092,CC-BY-NC,Coffea arabica,coffea,coffea_eval,casual,2023-12-09,8.0,-81.3,0,0,https://www.inaturalist.org/photos/340053287
340413743,535d3dd2-792b-42ea-941b-544080dd39eb,1407975,CC-BY-NC,Coffea arabica,coffea,coffea_eval,casual,2023-12-09,21.5,-158.0,0,0,https://www.inaturalist.org/photos/340413743
341292923,1284d5a3-e90d-4d89-aefa-a5646ecbf5a9,1564667,CC-BY-NC,Coffea arabica,coffea,coffea_eval,casual,2023-12-17,24.1,120.6,0,0,https://www.inaturalist.org/photos/341292923
341471298,9382d18c-8df7-4a45-b879-c16741a92115,7672300,CC-BY-NC,Coffea arabica,coffea,coffea_eval,casual,2023-12-18,49.2,-123.1,0,0,https://www.inaturalist.org/photos/341471298
344080558,f16eb44f-6dca-472c-a0d4-22bc1b5caa3e,1682329,CC-BY,Coffea arabica,coffea,coffea_eval,research,2023-08-26,-13.1,-72.5,0,0,https://www.inaturalist.org/photos/344080558
345723767,0b4c85de-9660-4884-9dda-6f6445556d28,530663,CC-BY-NC,Coffea arabica,coffea,coffea_eval,research,2024-01-04,16.0,-96.5,1,1,https://www.inaturalist.org/photos/345723767
348946005,35d729c2-fc20-4034-be8a-7acd9e63cda2,9478,CC-BY-NC,Coffea arabica,coffea,coffea_eval,research,2024-01-30,16.0,-96.5,1,1,https://www.inaturalist.org/photos/348946005
349617565,5353c46f-9677-4b15-9e16-692850be1845,606361,CC-BY-NC,Coffea arabica,coffea,coffea_eval,research,2024-02-04,15.4,74.0,0,0,https://www.inaturalist.org/photos/349617565
354892737,780c5dd7-f899-4837-af11-fc40180977b8,4971901,CC-BY-NC,Coffea arabica,coffea,coffea_eval,casual,2024-02-26,10.3,-84.8,0,0,https://www.inaturalist.org/photos/354892737
356283963,dfed4cb2-915b-40e1-839d-6fb5392ff44a,54168,CC-BY-NC,Coffea arabica,coffea,coffea_eval,casual,2024-03-09,-25.4,31.0,0,0,https://www.inaturalist.org/photos/356283963
356566367,63da7df4-ee60-48f0-aa00-81fd302d4fcf,21674,CC-BY-NC,Coffea arabica,coffea,coffea_eval,casual,2024-03-10,28.4,-16.6,0,0,https://www.inaturalist.org/photos/356566367
358537000,0567bcaf-a545-486b-8960-971e79f3785a,824289,CC-BY-NC,Coffea arabica,coffea,coffea_eval,casual,2024-03-17,24.6,121.8,0,0,https://www.inaturalist.org/photos/358537000
359439530,e9ebd3f2-c9f0-4efb-a187-32d5331b94ec,4358669,CC-BY-NC,Coffea arabica,coffea,coffea_eval,research,2024-03-03,18.2,-66.7,0,0,https://www.inaturalist.org/photos/359439530
360248349,de7f7506-1752-4ffe-8621-f245978977c2,7431343,CC-BY-NC,Coffea arabica,coffea,coffea_eval,casual,2024-02-15,22.9,120.7,0,0,https://www.inaturalist.org/photos/360248349
362530883,cda217d8-945a-4c78-8ffe-2ab1c0530930,6268265,CC0,Coffea arabica,coffea,coffea_eval,research,2024-04-02,-23.7,30.2,0,0,https://www.inaturalist.org/photos/362530883
362848322,5cc32530-b344-4e94-96ff-21d35f897028,7865909,CC-BY-NC,Coffea arabica,coffea,coffea_eval,research,2024-04-02,-11.9,-55.5,0,0,https://www.inaturalist.org/photos/362848322
368104713,f8d63c3b-f3ae-4fe5-bd74-53a5cb143f87,2615636,CC-BY-NC,Coffea arabica,coffea,coffea_eval,casual,2024-04-19,18.8,99.0,0,0,https://www.inaturalist.org/photos/368104713
368890384,573cd8b7-eb52-494b-90a7-10fc64bd37a1,4111675,CC-BY-NC,Coffea arabica,coffea,coffea_eval,research,2024-03-10,13.8,-61.0,0,0,https://www.inaturalist.org/photos/368890384
369537315,7105faf6-babe-42f7-b397-bc43a9fa210c,7439976,CC-BY-NC,Coffea arabica,coffea,coffea_eval,research,2024-04-19,5.2,96.9,0,0,https://www.inaturalist.org/photos/369537315
371752473,05232bd7-577a-4351-9d5e-090a6cf038d3,2282402,CC-BY-NC,Coffea arabica,coffea,coffea_eval,casual,2024-04-27,24.8,121.8,0,0,https://www.inaturalist.org/photos/371752473
376649483,8f000fa8-b89c-4e42-9b4b-cb96cb228e33,2640746,CC-BY-NC,Coffea arabica,coffea,coffea_eval,research,2024-04-13,9.8,-83.6,0,0,https://www.inaturalist.org/photos/376649483
376805127,070acd49-2b82-40d4-92d1-24dafe2214fd,4929591,CC-BY-NC,Coffea arabica,coffea,coffea_eval,research,2024-04-23,10.5,-84.7,0,0,https://www.inaturalist.org/photos/376805127
378822475,f7c6b5d7-9b40-4ac9-b5ae-18e2a920346b,8105074,CC-BY-NC,Coffea arabica,coffea,coffea_eval,research,2024-05-05,20.9,-156.2,0,0,https://www.inaturalist.org/photos/378822475
392855358,d42e4fb3-5fcc-4ea2-9976-6de21b18020a,7723929,CC-BY-NC,Coffea arabica,coffea,coffea_eval,casual,2024-06-10,4.4,-75.7,0,0,https://www.inaturalist.org/photos/392855358
394601793,d4c64922-a9b0-42c0-b7cc-3f2fe8651d02,2959349,CC-BY-NC,Coffea arabica,coffea,coffea_eval,needs_id,2024-06-14,9.7,-84.5,0,0,https://www.inaturalist.org/photos/394601793
397875116,572a8fb7-ef94-44fa-9ace-e9c06bcf04e0,6227810,CC-BY-NC,Coffea arabica,coffea,coffea_eval,casual,2024-06-22,18.9,-99.6,1,1,https://www.inaturalist.org/photos/397875116
403327219,320668ae-5275-4555-8cf5-486129ce2c27,1941347,CC-BY-NC,Coffea arabica,coffea,coffea_eval,casual,2024-07-04,19.6,-155.9,0,0,https://www.inaturalist.org/photos/403327219
405217250,fc5c3b98-a898-4ca8-bc2b-7b8709dfb5e8,4107968,CC0,Coffea arabica,coffea,coffea_eval,casual,2024-07-09,6.2,-75.6,0,0,https://www.inaturalist.org/photos/405217250
408370586,f862fb69-9450-4bbc-8afa-48eeb72f7ef0,2497692,CC-BY-NC,Coffea arabica,coffea,coffea_eval,research,2024-06-27,-4.2,-79.2,0,0,https://www.inaturalist.org/photos/408370586
409680141,6ee5bd8a-4555-48d3-bf01-dd49c81dc940,1695536,CC-BY-NC,Coffea arabica,coffea,coffea_eval,needs_id,2024-07-21,18.6,73.8,0,0,https://www.inaturalist.org/photos/409680141
424976203,e5a5bbf1-0141-4bfc-a086-ce11a69b22c3,6610979,CC-BY-NC,Coffea arabica,coffea,coffea_eval,needs_id,2024-08-29,-17.0,145.7,0,0,https://www.inaturalist.org/photos/424976203
427261365,e3010f5a-dc43-4968-9a68-1ff3a7339a77,6982020,CC-BY-NC,Coffea arabica,coffea,coffea_eval,research,2024-09-02,19.4,-155.9,0,0,https://www.inaturalist.org/photos/427261365
431505227,fc39f15e-3c53-446c-9d6c-68090a55f24d,4106621,CC-BY-NC,Coffea arabica,coffea,coffea_eval,casual,2024-09-13,23.0,113.4,0,0,https://www.inaturalist.org/photos/431505227
433708674,510df80a-a2be-4b58-9ef7-00d05033edbb,1055905,CC-BY-NC,Coffea arabica,coffea,coffea_eval,casual,2024-09-21,21.5,-158.0,0,0,https://www.inaturalist.org/photos/433708674
440824147,377794a5-752e-4e7f-81f6-19aa8b3ce23a,4673879,CC-BY-NC,Coffea arabica,coffea,coffea_eval,casual,2024-09-30,-25.8,28.2,0,0,https://www.inaturalist.org/photos/440824147
447559751,25ceb0f6-3ece-4cd2-ba04-1ea09e4ed2eb,284449,CC-BY-NC,Coffea arabica,coffea,coffea_eval,casual,2024-11-03,23.5,120.7,0,0,https://www.inaturalist.org/photos/447559751
447969883,1d172b17-a00b-4ef5-95a3-5266f9c72327,8489038,CC-BY-NC,Coffea arabica,coffea,coffea_eval,research,2019-12-26,7.0,-73.0,0,0,https://www.inaturalist.org/photos/447969883
448714756,cc3db076-cd71-4b7b-8d9b-0170fda9e1cf,3648883,CC-BY-NC,Coffea arabica,coffea,coffea_eval,casual,2024-10-31,3.1,-75.7,0,0,https://www.inaturalist.org/photos/448714756
450132294,675c25c3-85f9-4043-87d8-68300fdbb795,507359,CC-BY-NC,Coffea arabica,coffea,coffea_eval,research,2024-11-13,1.8,-76.3,0,0,https://www.inaturalist.org/photos/450132294
452187590,36597296-fe4d-429b-bffc-9942a48d1896,6329028,CC-BY-NC,Coffea arabica,coffea,coffea_eval,research,2024-11-22,8.0,-81.3,0,0,https://www.inaturalist.org/photos/452187590
452471116,9dc6d02e-f027-4e9d-9ef6-ff0a9df6d369,6336176,CC-BY-NC,Coffea arabica,coffea,coffea_eval,research,2024-11-23,8.5,-81.1,0,0,https://www.inaturalist.org/photos/452471116
452492361,d3b0e054-ca90-487d-9980-98777877d796,8684964,CC-BY-NC,Coffea arabica,coffea,coffea_eval,casual,2024-11-23,8.1,-81.0,0,0,https://www.inaturalist.org/photos/452492361
453382666,d29a79d4-3796-431c-b225-3f2a3c93c2fa,8761907,CC-BY-NC,Coffea arabica,coffea,coffea_eval,casual,2024-11-26,20.6,-105.2,1,1,https://www.inaturalist.org/photos/453382666
453498549,0bc4af16-15ee-474b-99fd-c2ac47f6c3d1,1026835,CC-BY,Coffea arabica,coffea,coffea_eval,research,2024-11-25,10.7,-61.3,0,0,https://www.inaturalist.org/photos/453498549
454457473,7e70d3ba-ebd0-4f87-aa59-32af831c1653,2346848,CC-BY-NC,Coffea arabica,coffea,coffea_eval,research,2024-11-30,10.0,-83.2,0,0,https://www.inaturalist.org/photos/454457473
454583155,fbe2c342-a134-4640-8e39-087b53be30a9,8557369,CC-BY-NC,Coffea arabica,coffea,coffea_eval,casual,2024-12-02,24.2,120.6,0,0,https://www.inaturalist.org/photos/454583155
457328682,37ef00e1-a592-448d-9b71-fca6903e5b3a,47064,CC-BY-NC,Coffea arabica,coffea,coffea_eval,casual,2024-12-15,20.2,-97.4,1,1,https://www.inaturalist.org/photos/457328682
457902353,a8765f25-a618-4f5e-aa65-043220f0b355,24338,CC-BY-NC,Coffea arabica,coffea,coffea_eval,casual,2024-11-27,20.8,-105.0,1,1,https://www.inaturalist.org/photos/457902353
458047881,233a6d22-6c26-405b-904a-3bf247b0100e,1049042,CC-BY-NC,Coffea arabica,coffea,coffea_eval,casual,2024-04-28,25.1,121.6,0,0,https://www.inaturalist.org/photos/458047881
461632025,86a4c062-76a1-479a-8484-9e3498538d20,4462023,CC-BY-NC,Coffea arabica,coffea,coffea_eval,casual,2025-01-04,52.3,5.3,0,0,https://www.inaturalist.org/photos/461632025
462298318,d2508b3e-01a1-42f1-b4dd-fc0aeab10363,8862289,CC-BY-NC,Coffea arabica,coffea,coffea_eval,casual,2024-10-21,24.2,120.6,0,0,https://www.inaturalist.org/photos/462298318
464028573,a647a58b-3876-405e-a7a0-d9d405ef5a89,2552539,CC-BY-NC,Coffea arabica,coffea,coffea_eval,research,2025-01-15,19.1,-155.7,0,0,https://www.inaturalist.org/photos/464028573
464240403,879a7a5a-e08d-4a8f-9efa-51c5db8d6dff,6724120,CC-BY-NC,Coffea arabica,coffea,coffea_eval,casual,2025-01-17,-33.7,151.1,0,0,https://www.inaturalist.org/photos/464240403
465211248,23588b43-4048-4fdb-91cf-e15ec26f7309,4341807,CC-BY-NC,Coffea arabica,coffea,coffea_eval,research,2025-01-18,10.7,-85.1,0,0,https://www.inaturalist.org/photos/465211248
468109412,ff6fdd2b-0080-44e2-9664-60e53fe38cee,2105464,CC-BY-NC,Coffea arabica,coffea,coffea_eval,research,2025-02-04,21.5,-157.9,0,0,https://www.inaturalist.org/photos/468109412
468369801,609918d2-7399-4739-b0d3-53ac11ffb0b5,8388413,CC-BY-NC,Coffea arabica,coffea,coffea_eval,casual,2025-02-05,15.2,106.1,0,0,https://www.inaturalist.org/photos/468369801
468538108,1d74bf8b-787d-4bb8-8384-b0716427880a,105023,CC-BY-NC,Coffea arabica,coffea,coffea_eval,casual,2025-02-05,19.7,-155.9,0,0,https://www.inaturalist.org/photos/468538108
469614975,6853b81d-07bb-4ac4-800b-3c25b043c6fa,26395,CC-BY-NC,Coffea arabica,coffea,coffea_eval,casual,2025-02-11,19.7,-155.9,0,0,https://www.inaturalist.org/photos/469614975
470883781,33e82ee1-123f-43d0-a8d6-73a4286cf53b,2566783,CC-BY,Coffea arabica,coffea,coffea_eval,research,2025-02-16,20.8,-88.0,1,1,https://www.inaturalist.org/photos/470883781
473764273,ce42d434-c1cd-40f7-b91e-c6adb87175db,3674463,CC-BY-NC,Coffea arabica,coffea,coffea_eval,casual,2025-03-02,20.4,-87.4,1,1,https://www.inaturalist.org/photos/473764273
474564260,d58a9fe9-796c-4d09-8157-6c553564e9f7,7196850,CC0,Coffea arabica,coffea,coffea_eval,casual,2025-03-06,-34.0,22.7,0,0,https://www.inaturalist.org/photos/474564260
474866619,640c2c70-5896-43eb-b216-18cb2a99b676,2581653,CC-BY-NC,Coffea arabica,coffea,coffea_eval,research,2025-03-07,11.1,-74.1,0,0,https://www.inaturalist.org/photos/474866619
476898228,775ce0e5-d867-4e5d-8b56-d000872ea50b,3244855,CC-BY-NC,Coffea arabica,coffea,coffea_eval,research,2025-03-15,19.5,-97.0,1,1,https://www.inaturalist.org/photos/476898228
476932427,febb4c88-f8ad-4cea-9926-08bb3bea2d76,6373638,CC-BY-NC,Coffea arabica,coffea,coffea_eval,research,2025-03-06,22.5,114.2,0,0,https://www.inaturalist.org/photos/476932427
477204225,aafb6098-d25e-4c5b-90f3-74072b0cc2ea,4588749,CC-BY-NC,Coffea arabica,coffea,coffea_eval,casual,2025-03-17,24.2,120.6,0,0,https://www.inaturalist.org/photos/477204225
480273593,a87fe4d4-4731-4b08-8c1f-2c54d5a3e9c7,8682778,CC-BY-SA,Coffea arabica,coffea,coffea_eval,casual,2025-03-23,18.5,-70.0,0,0,https://www.inaturalist.org/photos/480273593
480640548,764bd1a0-e20a-4950-a31f-3e31780fdc67,1473133,CC-BY-NC,Coffea arabica,coffea,coffea_eval,casual,2025-03-27,16.9,121.1,0,0,https://www.inaturalist.org/photos/480640548
485141057,10ced84e-3d40-4a3d-9b82-7e0899c85d54,9028622,CC-BY-NC,Coffea arabica,coffea,coffea_eval,casual,2025-04-11,10.3,-84.8,0,0,https://www.inaturalist.org/photos/485141057
485452842,77cbc7be-9b95-4ec9-b607-eceee78cc04c,1409685,CC-BY-NC,Coffea arabica,coffea,coffea_eval,research,2025-04-12,-6.1,-77.9,0,0,https://www.inaturalist.org/photos/485452842
486568915,f9c46fe5-9053-4927-9923-412c02fd0202,8029692,CC-BY-NC,Coffea arabica,coffea,coffea_eval,casual,2025-04-15,24.8,121.1,0,0,https://www.inaturalist.org/photos/486568915
489922134,5cc8e625-87b3-47eb-806b-7c6d439b7b52,9169353,CC-BY-NC,Coffea arabica,coffea,coffea_eval,casual,2025-04-06,-23.3,-51.3,0,0,https://www.inaturalist.org/photos/489922134
491673673,92d9692f-9535-47d6-b9f7-858bfd1121d8,9190568,CC-BY-NC,Coffea arabica,coffea,coffea_eval,research,2025-04-25,7.1,-73.1,0,0,https://www.inaturalist.org/photos/491673673
491888950,4e537b67-0fdc-4445-ba20-9e7cbf488041,9204811,CC-BY-NC,Coffea arabica,coffea,coffea_eval,research,2025-04-26,-6.9,107.8,0,0,https://www.inaturalist.org/photos/491888950
492429974,c90586de-4801-47e4-bd0e-9e1b0d243152,9190414,CC-BY-NC,Coffea arabica,coffea,coffea_eval,research,2025-04-26,-20.0,-40.6,0,0,https://www.inaturalist.org/photos/492429974
492589571,c6a9b2b1-2549-4e9f-a9c0-5abca141ecfb,2277890,CC-BY-NC-ND,Coffea arabica,coffea,coffea_eval,research,2025-04-26,-18.1,-63.4,0,0,https://www.inaturalist.org/photos/492589571
493876131,654a7bf3-dbea-47c5-9c6a-fde1d7641ed8,9112048,CC-BY-NC,Coffea arabica,coffea,coffea_eval,casual,2025-04-27,-14.6,-64.9,0,0,https://www.inaturalist.org/photos/493876131
494031656,0affa6ae-dc47-454b-8993-788dcc3cd76b,8108880,CC-BY-NC,Coffea arabica,coffea,coffea_eval,research,2025-04-27,-12.9,-72.7,0,0,https://www.inaturalist.org/photos/494031656
494775234,41f11a98-ca4f-4637-8097-5c0607297163,681712,CC-BY-NC,Coffea arabica,coffea,coffea_eval,casual,2025-01-16,16.1,-91.7,1,1,https://www.inaturalist.org/photos/494775234
495456673,09d0d78a-4776-42bb-8dca-cb11c638b9fb,9223347,CC-BY-NC,Coffea arabica,coffea,coffea_eval,research,1980-01-01,-23.8,-46.7,0,0,https://www.inaturalist.org/photos/495456673
499705511,cfac34b6-6317-45e9-bd4d-8a27505bbf78,4157840,CC-BY-NC,Coffea arabica,coffea,coffea_eval,casual,2025-05-03,22.5,114.3,0,0,https://www.inaturalist.org/photos/499705511
499937999,00a8ea18-c058-4da2-b6b4-c5a24aee2733,9216886,CC-BY-NC,Coffea arabica,coffea,coffea_eval,casual,2025-05-04,25.1,121.4,0,0,https://www.inaturalist.org/photos/499937999
500001513,672dfc95-dcd1-48db-8a33-aff5e27fc2aa,9239863,CC-BY-NC,Coffea arabica,coffea,coffea_eval,casual,2025-04-29,-12.1,-77.1,0,0,https://www.inaturalist.org/photos/500001513
500289067,7fd5e043-93c0-4506-b23f-40d2b15ed7ea,9158131,CC-BY-NC,Coffea arabica,coffea,coffea_eval,casual,2025-05-05,25.1,121.5,0,0,https://www.inaturalist.org/photos/500289067
500380519,25102266-fd2c-4dbb-a230-3e4051c7b2c0,9261346,CC-BY-NC,Coffea arabica,coffea,coffea_eval,needs_id,2025-05-05,8.1,98.6,0,0,https://www.inaturalist.org/photos/500380519
501309872,8f215b01-5a93-46c9-ac76-734dd199f817,9173730,CC-BY-NC,Coffea arabica,coffea,coffea_eval,casual,2025-05-07,,,0,0,https://www.inaturalist.org/photos/501309872
501668262,843e00f3-209d-4c4e-b72c-52046f86b74d,9033497,CC-BY-NC,Coffea arabica,coffea,coffea_eval,research,2025-05-07,10.0,-84.2,0,0,https://www.inaturalist.org/photos/501668262
504544678,d128b9bc-ee26-4c73-9619-a6e357ae284b,6529167,CC-BY-NC,Coffea arabica,coffea,coffea_eval,research,2025-05-13,15.1,-90.5,1,0,https://www.inaturalist.org/photos/504544678
507605275,cfce9d73-bf6b-4e4c-a786-443dca2b35f0,9315488,CC-BY-NC,Coffea arabica,coffea,coffea_eval,casual,2025-05-15,14.5,-90.4,1,0,https://www.inaturalist.org/photos/507605275
508577052,4aa6a062-e5b5-460e-9318-4722b3c830ee,9191445,CC-BY-NC,Coffea arabica,coffea,coffea_eval,needs_id,2025-05-10,9.8,76.9,0,0,https://www.inaturalist.org/photos/508577052
512829315,e6f99c06-0c0d-420e-84ff-e769ce203095,4306757,CC-BY-NC,Coffea arabica,coffea,coffea_eval,research,2025-05-26,-22.3,-42.7,0,0,https://www.inaturalist.org/photos/512829315
513246537,9ad1bc30-a983-46a5-835a-c9612affd54e,6191258,CC-BY-NC,Coffea arabica,coffea,coffea_eval,research,2025-05-30,-7.6,110.4,0,0,https://www.inaturalist.org/photos/513246537
513315288,a43ab037-b817-455e-a1ba-0d3474625bc1,6577985,CC-BY-NC,Coffea arabica,coffea,coffea_eval,casual,2025-04-28,24.7,97.9,0,0,https://www.inaturalist.org/photos/513315288
517779486,4f072483-9749-4cf3-be21-e41b9ffc403e,8987191,CC-BY-NC,Coffea arabica,coffea,coffea_eval,research,2025-06-08,-19.9,-40.9,0,0,https://www.inaturalist.org/photos/517779486
518406515,49d1d3f9-7329-4d23-a9ca-fd191b0937e7,6962349,CC-BY-NC,Coffea arabica,coffea,coffea_eval,research,2025-06-08,10.3,-84.9,0,0,https://www.inaturalist.org/photos/518406515
518533677,28ace92f-1617-45e6-8e35-db96d9b454f5,2772975,CC0,Coffea arabica,coffea,coffea_eval,research,2025-06-09,-0.7,-90.3,0,0,https://www.inaturalist.org/photos/518533677
519507367,acfa580f-982d-4227-a596-7e072aac2e29,1569176,CC-BY-NC,Coffea arabica,coffea,coffea_eval,research,2025-06-09,19.6,-155.9,0,0,https://www.inaturalist.org/photos/519507367
519709249,bf6c30ab-9e38-4419-92c7-a7c47968e7e2,7528620,CC-BY-NC,Coffea arabica,coffea,coffea_eval,research,2018-08-18,-18.5,34.2,0,0,https://www.inaturalist.org/photos/519709249
521864475,bd340554-0f41-44e6-8ae9-86573751e7f0,9269141,CC-BY-NC,Coffea arabica,coffea,coffea_eval,research,2025-06-16,-22.8,-47.1,0,0,https://www.inaturalist.org/photos/521864475
522204378,3026d2d9-da2f-47e7-8ff2-f3ba23c0f451,9259430,CC-BY-NC,Coffea arabica,coffea,coffea_eval,research,2025-06-16,-22.8,-47.1,0,0,https://www.inaturalist.org/photos/522204378
523056832,32e317dc-0702-4bd4-a6c0-0095bcec3a46,9441942,CC-BY-NC,Coffea arabica,coffea,coffea_eval,research,2025-06-18,15.2,-61.4,0,0,https://www.inaturalist.org/photos/523056832
535321556,3ec089ff-9538-4683-ab2c-338eae02b811,9388284,CC-BY-NC,Coffea arabica,coffea,coffea_eval,research,2024-12-26,11.8,78.2,0,0,https://www.inaturalist.org/photos/535321556
537771608,232a6289-b50f-48b5-89a3-75baeb3a4892,9137895,CC-BY-NC,Coffea arabica,coffea,coffea_eval,casual,,,,0,0,https://www.inaturalist.org/photos/537771608
537900811,2e281803-0a5b-490d-9d0c-9040378dea52,5918509,CC-BY-NC,Coffea arabica,coffea,coffea_eval,research,2025-07-17,-17.3,145.6,0,0,https://www.inaturalist.org/photos/537900811
542610524,e891d77a-e94f-40ea-8aa3-1191df2c3141,7234296,CC-BY-NC,Coffea arabica,coffea,coffea_eval,research,2025-07-26,-8.8,121.0,0,0,https://www.inaturalist.org/photos/542610524
544447648,0051b978-14a3-4b34-8191-560150cfd3bd,4244702,CC-BY-NC,Coffea arabica,coffea,coffea_eval,research,2025-07-29,6.2,-75.6,0,0,https://www.inaturalist.org/photos/544447648
550674801,92ab2793-e73d-48ef-8dbe-17379e337646,8740662,CC-BY-NC,Coffea arabica,coffea,coffea_eval,research,2025-08-11,-28.8,153.3,0,0,https://www.inaturalist.org/photos/550674801
550766042,e90fe998-dc96-4315-985b-47dd0cb7dee4,2746046,CC-BY-NC,Coffea arabica,coffea,coffea_eval,research,2025-08-11,-28.8,153.3,0,0,https://www.inaturalist.org/photos/550766042
553118627,d0017881-a60d-48f4-9d7c-5789d2028da8,8566410,CC-BY,Coffea arabica,coffea,coffea_eval,research,2025-08-16,-27.7,153.2,0,0,https://www.inaturalist.org/photos/553118627
554546852,3f981218-6da4-4400-9461-a8fabe8732e4,5644152,CC-BY-NC,Coffea arabica,coffea,coffea_eval,casual,2025-08-18,19.7,-155.9,0,0,https://www.inaturalist.org/photos/554546852
556575701,4364e033-8867-4355-886e-4c26724bd49c,3884678,CC-BY-NC,Coffea arabica,coffea,coffea_eval,research,2025-08-23,-0.7,-90.3,0,0,https://www.inaturalist.org/photos/556575701
557088314,47aabba0-7af9-4fe6-baa0-c248c251673c,9629275,CC-BY-NC,Coffea arabica,coffea,coffea_eval,casual,2025-08-24,40.1,-74.7,0,0,https://www.inaturalist.org/photos/557088314
560129374,c17f6a98-a5a8-4b02-8361-961857489143,430898,CC-BY-NC,Coffea arabica,coffea,coffea_eval,casual,2025-08-31,-8.4,115.3,0,0,https://www.inaturalist.org/photos/560129374
560355191,47ff52ad-7471-4586-a4cb-12534b4a1607,9414,CC-BY,Coffea arabica,coffea,coffea_eval,casual,2025-08-30,-10.9,-65.9,0,0,https://www.inaturalist.org/photos/560355191
561575721,ff6a1608-8615-4500-ad51-5313f404cf54,9556861,CC-BY-NC,Coffea arabica,coffea,coffea_eval,research,2025-09-02,15.2,-88.3,1,0,https://www.inaturalist.org/photos/561575721
564096784,bcaa8978-474e-422c-a100-96ce05764f50,9337444,CC-BY-NC,Coffea arabica,coffea,coffea_eval,casual,2025-09-08,-21.1,55.3,0,0,https://www.inaturalist.org/photos/564096784
567441867,0083acc1-8837-401e-8042-d8ae0ae2b5f7,9748186,CC-BY-NC,Coffea arabica,coffea,coffea_eval,research,2025-06-28,14.3,-88.8,0,0,https://www.inaturalist.org/photos/567441867
568830311,0ca97fac-c13a-4cb8-a8fe-a089c846fc2b,1095064,CC-BY-NC,Coffea arabica,coffea,coffea_eval,research,2025-09-03,5.0,-75.6,0,0,https://www.inaturalist.org/photos/568830311
573660844,01c09741-5a87-4f3d-9ea1-620cfbee37ca,9339103,CC-BY-NC,Coffea arabica,coffea,coffea_eval,casual,2025-09-14,19.3,-101.8,1,1,https://www.inaturalist.org/photos/573660844
575200457,629df7b0-0bcb-4153-b5e2-5e48aba44870,9834877,CC-BY-NC,Coffea arabica,coffea,coffea_eval,research,2025-09-07,14.0,-87.0,0,0,https://www.inaturalist.org/photos/575200457
576286337,ae2f360a-3c79-4fbc-8c7c-8480045eeef5,9839788,CC-BY-NC,Coffea arabica,coffea,coffea_eval,casual,2025-10-05,22.7,120.6,0,0,https://www.inaturalist.org/photos/576286337
576504857,76fa97ce-10bd-4f6d-97c8-19211977612d,9753744,CC-BY-NC,Coffea arabica,coffea,coffea_eval,casual,2025-10-03,-0.3,-78.5,0,0,https://www.inaturalist.org/photos/576504857
577556423,ca0e540a-fcd0-426d-aa45-3d45e7944db6,9841691,CC-BY-NC,Coffea arabica,coffea,coffea_eval,casual,2025-09-16,38.5,27.2,0,0,https://www.inaturalist.org/photos/577556423
577647836,763e7264-e56f-4b2f-8d3c-937b367f2ef0,9825204,CC-BY-NC,Coffea arabica,coffea,coffea_eval,research,2025-10-04,-33.9,151.2,0,0,https://www.inaturalist.org/photos/577647836
578087657,0069439d-84d4-49d6-840a-139e06b15492,9689162,CC-BY-NC,Coffea arabica,coffea,coffea_eval,casual,2025-10-08,34.1,-117.8,0,0,https://www.inaturalist.org/photos/578087657
578221871,1d6e35f5-a070-4ce5-b6ca-004692f08755,9061534,CC-BY-NC,Coffea arabica,coffea,coffea_eval,research,2025-10-04,-12.8,-72.6,0,0,https://www.inaturalist.org/photos/578221871
579541460,1c637d96-12db-4b2a-bf08-b19bbeffa5f4,9724884,CC-BY-NC,Coffea arabica,coffea,coffea_eval,casual,2025-10-12,40.3,-83.1,0,0,https://www.inaturalist.org/photos/579541460
582646732,170fec48-6219-45b7-aaa4-5938bd872a36,4122351,CC-BY-NC,Coffea arabica,coffea,coffea_eval,research,2025-10-20,9.9,-84.0,0,0,https://www.inaturalist.org/photos/582646732
583279864,1b5a7430-d104-4885-b2eb-ec7075699095,17506,CC-BY-NC,Coffea arabica,coffea,coffea_eval,research,2025-10-21,18.4,-96.5,1,1,https://www.inaturalist.org/photos/583279864
586258018,d9717bbd-e3d0-4ee7-aa3e-ed01555fe55b,1687002,CC-BY-NC,Coffea arabica,coffea,coffea_eval,casual,2025-10-30,23.9,120.9,0,0,https://www.inaturalist.org/photos/586258018
586863375,b8731bf4-39ca-4ac4-9ffc-218ec93f484b,26218,CC-BY-NC,Coffea arabica,coffea,coffea_eval,research,2025-10-31,10.0,-84.1,0,0,https://www.inaturalist.org/photos/586863375
588298703,03cc253d-0365-472d-95ca-05de5fd52bca,6885987,CC-BY-NC,Coffea arabica,coffea,coffea_eval,casual,2025-11-04,37.6,-122.3,0,0,https://www.inaturalist.org/photos/588298703
589974534,45e491c3-be5d-4c23-9a3e-e68c6747e3ae,8068886,CC-BY-NC,Coffea arabica,coffea,coffea_eval,research,2025-11-10,-26.5,152.9,0,0,https://www.inaturalist.org/photos/589974534
590613519,db1db242-1e8b-4d4c-a6ab-f9c8b275b335,2910764,CC-BY-NC,Coffea arabica,coffea,coffea_eval,research,2025-11-12,-28.6,153.4,0,0,https://www.inaturalist.org/photos/590613519
590659112,34c467f7-b4ba-44df-9b5d-28afa6b20f15,7379440,CC-BY-NC,Coffea arabica,coffea,coffea_eval,research,2025-11-12,-26.7,153.1,0,0,https://www.inaturalist.org/photos/590659112
590814941,6188dd8c-0da0-45c7-918b-41ff548ef0af,9810139,CC-BY-NC,Coffea arabica,coffea,coffea_eval,casual,2025-11-12,47.7,-122.3,0,0,https://www.inaturalist.org/photos/590814941
591267406,fa80daee-846a-4224-9fa5-e18a3873664a,5452600,CC-BY-NC,Coffea arabica,coffea,coffea_eval,research,2025-05-17,-24.9,-48.5,0,0,https://www.inaturalist.org/photos/591267406
591611994,f2355a2f-06c6-44ca-8a47-6c20706036ca,5175328,CC-BY-NC,Coffea arabica,coffea,coffea_eval,needs_id,2025-11-15,10.7,-61.3,0,0,https://www.inaturalist.org/photos/591611994
592850569,77faaf03-0609-40fb-a516-84f0dfc8754a,1047605,CC-BY-NC,Coffea arabica,coffea,coffea_eval,research,2025-10-31,9.8,-83.6,0,0,https://www.inaturalist.org/photos/592850569
593712340,51f1a4ee-f159-4468-b6d3-e0727becc94e,9950769,CC-BY-NC,Coffea arabica,coffea,coffea_eval,research,2025-11-22,8.0,-81.3,0,0,https://www.inaturalist.org/photos/593712340
593870562,f28bd7ff-1692-49e0-b305-ffc542f9b492,9972209,CC-BY-NC,Coffea arabica,coffea,coffea_eval,casual,2025-11-22,9.0,-79.9,0,0,https://www.inaturalist.org/photos/593870562
593905725,dfe3c735-51ee-4d6e-b14f-dc2c081589ad,9964302,CC-BY-NC,Coffea arabica,coffea,coffea_eval,research,2025-11-22,8.4,-81.5,0,0,https://www.inaturalist.org/photos/593905725
594126576,ee1bc42c-3c33-47c4-84cd-b719c05996b4,9974759,CC-BY-NC,Coffea arabica,coffea,coffea_eval,research,2025-11-23,8.4,-78.0,0,0,https://www.inaturalist.org/photos/594126576
594129770,defcf020-184e-4c7f-a00a-d9441334b138,9974586,CC-BY-NC,Coffea arabica,coffea,coffea_eval,research,2025-11-23,9.2,-79.5,0,0,https://www.inaturalist.org/photos/594129770
594243663,17bd5215-747e-4892-9679-58b2955ef729,9972057,CC-BY-NC,Coffea arabica,coffea,coffea_eval,casual,2025-11-23,8.8,-80.0,0,0,https://www.inaturalist.org/photos/594243663
594915253,e243bf6b-709d-4de2-81bb-2f9833cdeb33,7337099,CC-BY-NC,Coffea arabica,coffea,coffea_eval,research,2017-11-05,25.3,98.8,0,0,https://www.inaturalist.org/photos/594915253
596996198,f5290c66-194b-4790-aa23-71b56a664300,9280521,CC-BY-NC,Coffea arabica,coffea,coffea_eval,research,2025-11-29,-22.0,-47.9,0,0,https://www.inaturalist.org/photos/596996198
597034927,a1930a3a-87dc-4620-a466-0fae860c88b7,59695,CC-BY-NC,Coffea arabica,coffea,coffea_eval,research,2025-12-03,-12.8,-71.4,0,0,https://www.inaturalist.org/photos/597034927
597041364,9ec9ed28-78e9-480d-9774-f42ae490a183,5196180,CC-BY-NC,Coffea arabica,coffea,coffea_eval,research,2025-11-30,9.9,-83.6,0,0,https://www.inaturalist.org/photos/597041364
597533797,dfa02d01-9549-4133-914d-466d0d8c583e,3906972,CC-BY-NC,Coffea arabica,coffea,coffea_eval,research,2025-11-27,-13.2,-72.6,0,0,https://www.inaturalist.org/photos/597533797
597926574,df5c797b-795f-44f5-a6b9-97f9def3937b,3859357,CC-BY-NC,Coffea arabica,coffea,coffea_eval,research,2025-11-14,-10.5,105.7,0,0,https://www.inaturalist.org/photos/597926574
600870802,753351fb-ae20-41d0-b11c-78c70859d0d3,10022662,CC-BY-NC,Coffea arabica,coffea,coffea_eval,casual,2025-12-18,-29.4,-49.8,0,0,https://www.inaturalist.org/photos/600870802
601035153,29a04087-bb3d-44c5-91a5-ef792458b11a,1368645,CC-BY-NC,Coffea arabica,coffea,coffea_eval,research,2025-12-19,14.7,-91.2,1,0,https://www.inaturalist.org/photos/601035153
602236487,e3089cc8-316e-4382-b178-b65c70b3aa93,10031061,CC-BY-NC,Coffea arabica,coffea,coffea_eval,casual,2025-10-02,24.2,120.6,0,0,https://www.inaturalist.org/photos/602236487
603140448,a5aaf502-7127-4d9f-8c1c-08586a7a5bb9,9543961,CC-BY-NC,Coffea arabica,coffea,coffea_eval,research,2025-09-26,10.1,-84.2,0,0,https://www.inaturalist.org/photos/603140448
611877663,4fbc6f29-386e-4f27-8d33-5c4e1b04f6a4,10098508,CC-BY-NC,Coffea arabica,coffea,coffea_eval,research,2026-01-30,18.4,-66.1,0,0,https://www.inaturalist.org/photos/611877663
611877757,46705506-13cf-4f89-975c-11eb49436d64,10098526,CC-BY-NC,Coffea arabica,coffea,coffea_eval,research,2026-01-30,18.4,-66.1,0,0,https://www.inaturalist.org/photos/611877757
613739779,c49d3e07-62b6-4bbc-ac38-6dbf9f6a4279,9264752,CC-BY-NC,Coffea arabica,coffea,coffea_eval,casual,2026-02-06,37.9,-122.2,0,0,https://www.inaturalist.org/photos/613739779
613745919,ce83ce27-ad6c-4a35-a2f6-1fcce85931bd,177956,CC-BY-NC,Coffea arabica,coffea,coffea_eval,casual,2007-05-30,-28.0,153.2,0,0,https://www.inaturalist.org/photos/613745919
615910629,bb931ec6-4796-48fb-93fd-06f99af38429,2697445,CC-BY,Coffea arabica,coffea,coffea_eval,research,2026-02-15,18.5,98.5,0,0,https://www.inaturalist.org/photos/615910629
617570946,ab618260-9c2b-4847-b6a1-9a8f312cc1b4,380379,CC-BY-NC,Coffea arabica,coffea,coffea_eval,research,2026-02-20,10.1,-84.6,0,0,https://www.inaturalist.org/photos/617570946
619444638,609466da-9814-4b12-a609-49cd2994164f,267779,CC-BY-NC,Coffea arabica,coffea,coffea_eval,research,2026-02-26,4.4,-75.5,0,0,https://www.inaturalist.org/photos/619444638
619676078,b001e78f-f34c-439e-95a1-fbd2780d343c,10026573,CC-BY-NC,Coffea arabica,coffea,coffea_eval,research,2026-02-19,6.8,-76.1,0,0,https://www.inaturalist.org/photos/619676078
621748067,f35029ee-0ee1-4418-94cd-68a3f4608e06,1374382,CC-BY,Coffea arabica,coffea,coffea_eval,research,2026-03-06,-2.2,29.2,0,0,https://www.inaturalist.org/photos/621748067
622784609,6651db33-e219-48c6-8e6e-7ec60ea51ea7,4114191,CC-BY-NC,Coffea arabica,coffea,coffea_eval,research,2026-03-08,19.0,-99.1,1,1,https://www.inaturalist.org/photos/622784609
623109345,2c577cbe-4332-45de-9944-d896fcdfe23a,9715579,CC-BY-NC,Coffea arabica,coffea,coffea_eval,research,2024-06-02,10.1,-84.2,0,0,https://www.inaturalist.org/photos/623109345
624111288,f61b269b-d84c-4068-af07-df8ef3b71b46,10142242,CC-BY-NC,Coffea arabica,coffea,coffea_eval,research,2026-03-07,12.3,76.7,0,0,https://www.inaturalist.org/photos/624111288
625011338,25d302ad-0bc2-400c-aa35-e240689b42a9,3410308,CC-BY-NC,Coffea arabica,coffea,coffea_eval,casual,2026-03-14,14.6,-90.7,1,0,https://www.inaturalist.org/photos/625011338
625920911,8e3a71b7-3743-444a-b550-96a79bd50b47,10118408,CC-BY-NC,Coffea arabica,coffea,coffea_eval,casual,2026-03-14,14.0,-87.0,0,0,https://www.inaturalist.org/photos/625920911
626676072,434b51d2-2f39-4e6f-b292-c60048b2b179,4969634,CC-BY-NC,Coffea arabica,coffea,coffea_eval,research,2026-02-09,18.8,98.9,0,0,https://www.inaturalist.org/photos/626676072
629790575,764ca07b-710d-4396-919d-16cb3293716b,9973758,CC-BY-NC,Coffea arabica,coffea,coffea_eval,research,2026-03-06,18.8,-97.0,1,1,https://www.inaturalist.org/photos/629790575
631362214,787e07d3-b9a9-4600-a8bb-7cff2ffe6bb9,10185921,CC-BY-NC,Coffea arabica,coffea,coffea_eval,research,2026-03-29,-1.1,36.7,0,0,https://www.inaturalist.org/photos/631362214
631476120,db2e688f-7b2e-41df-9f69-218fcf7d06ab,8966886,CC-BY-NC,Coffea arabica,coffea,coffea_eval,casual,2026-03-31,18.9,-96.9,1,1,https://www.inaturalist.org/photos/631476120
635040953,de19b018-930b-4fae-a81c-f67953c490b6,8705567,CC-BY-NC,Coffea arabica,coffea,coffea_eval,casual,2026-04-08,25.2,121.5,0,0,https://www.inaturalist.org/photos/635040953
635144612,2b62c23a-d8e0-4eb5-aa9f-9d6310663c3e,8333282,CC-BY,Coffea arabica,coffea,coffea_eval,research,2026-04-08,18.5,98.5,0,0,https://www.inaturalist.org/photos/635144612
636337701,9c2a9dbe-2ce2-448c-84f8-481d45c2eb96,10355700,CC-BY-NC,Coffea arabica,coffea,coffea_eval,research,2026-04-11,-6.9,107.8,0,0,https://www.inaturalist.org/photos/636337701
643320973,ecb392db-935a-4409-94d2-34a886906fc6,10380839,CC-BY-NC,Coffea arabica,coffea,coffea_eval,casual,,7.4,125.8,0,0,https://www.inaturalist.org/photos/643320973
643549577,58f371ac-f350-4c3d-b1e8-f521567cf511,10403204,CC-BY-NC,Coffea arabica,coffea,coffea_eval,casual,2026-04-24,7.5,125.8,0,0,https://www.inaturalist.org/photos/643549577
644496673,a1ffc187-26c1-49bb-b315-e566c6735d02,8012277,CC-BY-NC,Coffea arabica,coffea,coffea_eval,casual,2026-04-25,24.9,121.6,0,0,https://www.inaturalist.org/photos/644496673
644913656,54b416c3-51f8-4e0c-b012-079f0b002fbf,9729812,CC-BY-NC,Coffea arabica,coffea,coffea_eval,research,2026-04-25,-19.8,-40.7,0,0,https://www.inaturalist.org/photos/644913656
646138740,aed40ec7-b2ab-4c3a-8e9f-96f12f17cc3e,10423038,CC-BY-NC,Coffea arabica,coffea,coffea_eval,research,2026-04-26,7.0,126.2,0,0,https://www.inaturalist.org/photos/646138740
646184264,600f7cd6-7776-4f98-ba77-f215079197d3,2848367,CC-BY-NC,Coffea arabica,coffea,coffea_eval,casual,2026-04-26,24.7,121.1,0,0,https://www.inaturalist.org/photos/646184264
647448602,c04450d4-82bd-491a-96f9-d220e32e0ebe,10429216,CC-BY-NC,Coffea arabica,coffea,coffea_eval,research,2026-04-26,-23.6,-46.7,0,0,https://www.inaturalist.org/photos/647448602
648685648,f17d54e4-ebfd-4294-b8f6-ad7a52638f87,10445895,CC-BY-NC,Coffea arabica,coffea,coffea_eval,casual,2026-04-25,-15.8,-67.7,0,0,https://www.inaturalist.org/photos/648685648
648793803,53fc3c3e-590c-4d92-8781-fac6fe623520,10385445,CC-BY-NC,Coffea arabica,coffea,coffea_eval,research,2026-04-27,-0.7,-90.3,0,0,https://www.inaturalist.org/photos/648793803
649252374,05689f07-6193-4e97-bb58-1efcbaa227a7,10053951,CC-BY-NC,Coffea arabica,coffea,coffea_eval,research,2026-04-26,2.3,-75.5,0,0,https://www.inaturalist.org/photos/649252374
649927414,a66f8168-15e5-4adf-a3dd-e7a85a709439,7930437,CC-BY-NC,Coffea arabica,coffea,coffea_eval,research,2026-02-28,-10.0,-68.0,0,0,https://www.inaturalist.org/photos/649927414
650313092,0283cf74-599f-414d-a88c-5cd9fbc4c47d,1405682,CC-BY-NC,Coffea arabica,coffea,coffea_eval,research,2026-03-21,19.5,-155.9,0,0,https://www.inaturalist.org/photos/650313092
655253868,ca57f6e5-271e-46a3-93ce-2f4b11ce0f7b,10329747,CC-BY-NC,Coffea arabica,coffea,coffea_eval,research,2024-06-02,-8.5,115.2,0,0,https://www.inaturalist.org/photos/655253868
657937654,a7365a52-ff37-4587-b94c-22cdbafc058f,3295956,CC-BY-NC,Coffea arabica,coffea,coffea_eval,casual,2026-05-11,36.7,3.1,0,0,https://www.inaturalist.org/photos/657937654
658535324,c351393d-2ea8-4fd1-9ada-b424a1ea3d7a,10410998,CC-BY-NC,Coffea arabica,coffea,coffea_eval,casual,2026-05-12,9.9,-84.1,0,0,https://www.inaturalist.org/photos/658535324
659351811,a182128b-38c2-4474-b871-1fa0a31306eb,9282588,CC-BY-NC,Coffea arabica,coffea,coffea_eval,casual,2026-05-13,19.1,-155.7,0,0,https://www.inaturalist.org/photos/659351811
663956487,3b90fc31-5c0f-40b1-9041-dbc3600d241d,10543177,CC-BY-NC,Coffea arabica,coffea,coffea_eval,research,2026-05-20,18.2,-67.0,0,0,https://www.inaturalist.org/photos/663956487
664471678,8979a8a6-d62f-4b15-bb24-5d5dc2a9ea92,10211031,CC-BY-NC,Coffea arabica,coffea,coffea_eval,research,2026-05-21,-21.2,-45.0,0,0,https://www.inaturalist.org/photos/664471678
665261097,0f45efa4-91c9-4670-8b7c-4c39ca8e8d5b,3881507,CC-BY-NC,Coffea arabica,coffea,coffea_eval,research,2026-05-23,-21.7,-43.4,0,0,https://www.inaturalist.org/photos/665261097
666217393,bc7045d9-b207-49c0-880c-bcce15bad48d,9397513,CC-BY-NC,Coffea arabica,coffea,coffea_eval,casual,2026-05-19,14.7,-91.3,1,0,https://www.inaturalist.org/photos/666217393
667154345,2ff179a2-c5bc-44ba-b8e7-d0ec29d18bcb,10591037,CC-BY-NC,Coffea arabica,coffea,coffea_eval,research,2026-04-29,19.3,-81.2,0,0,https://www.inaturalist.org/photos/667154345
667169381,38e1cb6a-c4d2-4859-a06f-a0c0d425015f,8288455,CC-BY-NC,Coffea arabica,coffea,coffea_eval,casual,2026-05-26,9.9,-84.1,0,0,https://www.inaturalist.org/photos/667169381
667596958,bc44d3c0-72a4-4976-8e9a-f8adeea60abf,10187334,CC-BY-NC,Coffea arabica,coffea,coffea_eval,casual,2026-05-27,24.2,120.9,0,0,https://www.inaturalist.org/photos/667596958
672111499,640b9fd8-1ff9-4547-89d4-7d072b7d79a9,981991,CC-BY-NC,Coffea arabica,coffea,coffea_eval,research,2026-06-03,-3.2,37.3,0,0,https://www.inaturalist.org/photos/672111499
676125170,0cba15de-b9f9-4af0-b4a4-882b95913794,7994295,CC-BY-NC,Coffea arabica,coffea,coffea_eval,research,2026-06-09,9.3,-79.1,0,0,https://www.inaturalist.org/photos/676125170
677247001,915273cc-4c9e-488d-b9aa-def8e2b7496b,554580,CC-BY-NC,Coffea arabica,coffea,coffea_eval,research,2026-06-11,-23.7,-46.6,0,0,https://www.inaturalist.org/photos/677247001
679391874,44c59157-c037-4368-916f-98ef89fa44ff,9618860,CC-BY-NC,Coffea arabica,coffea,coffea_eval,casual,2026-06-14,21.9,-159.6,0,0,https://www.inaturalist.org/photos/679391874
679681057,6902be9b-9d33-4699-82de-92ba1790ffb6,9651814,CC-BY-NC,Coffea arabica,coffea,coffea_eval,casual,2026-06-09,38.9,-77.0,0,0,https://www.inaturalist.org/photos/679681057
679718313,4bfcd875-21d2-41f2-b5d9-865eaf2f2092,6233352,CC-BY-NC,Coffea arabica,coffea,coffea_eval,casual,2026-06-15,40.1,-76.1,0,0,https://www.inaturalist.org/photos/679718313
680373325,d82f63a1-b4f9-4ef8-aae2-0b37a53617aa,9980757,CC-BY-NC,Coffea arabica,coffea,coffea_eval,research,2026-06-16,0.4,-78.1,0,0,https://www.inaturalist.org/photos/680373325
684496172,b53ebf5f-e9fc-404d-aa32-1d068a12a30a,10303475,CC-BY-NC,Coffea arabica,coffea,coffea_eval,casual,2026-06-22,19.2,-155.5,0,0,https://www.inaturalist.org/photos/684496172
686550973,9f411187-2dd9-4dbf-b7b9-669a783e56af,10094833,CC-BY-NC,Coffea arabica,coffea,coffea_eval,casual,2026-06-18,19.1,-70.6,0,0,https://www.inaturalist.org/photos/686550973
687836365,175271f4-bb79-4140-9658-f7c8acfe4169,10505026,CC-BY-NC,Coffea arabica,coffea,coffea_eval,casual,2026-06-28,41.7,-70.6,0,0,https://www.inaturalist.org/photos/687836365
688224033,3b51514a-a855-4c1a-9d52-869b59814dfd,6507055,CC-BY-NC,Coffea arabica,coffea,coffea_eval,research,2026-06-14,4.5,-75.7,0,0,https://www.inaturalist.org/photos/688224033
688229978,e3640d77-9bbb-421f-8130-d424a5e2bdef,10608734,CC-BY-NC,Coffea arabica,coffea,coffea_eval,casual,,9.9,-84.2,0,0,https://www.inaturalist.org/photos/688229978
688950423,537c8485-62db-43cd-ba70-7714ccdecc55,5651798,CC-BY-NC,Coffea arabica,coffea,coffea_eval,casual,2025-08-05,23.2,113.4,0,0,https://www.inaturalist.org/photos/688950423
689178196,3900961d-f8f8-4bac-88a7-07a4e9699b83,10110679,CC-BY-NC,Coffea arabica,coffea,coffea_eval,casual,2026-06-25,33.5,-86.8,0,0,https://www.inaturalist.org/photos/689178196
689878856,af0e20af-6e1d-486c-adb2-f452097c62d4,4015816,CC-BY-NC,Coffea arabica,coffea,coffea_eval,casual,2026-06-14,33.6,-118.1,0,0,https://www.inaturalist.org/photos/689878856
690124963,5dff6f94-291d-49f0-a425-6ac383ca5b6b,8746680,CC-BY-NC,Coffea arabica,coffea,coffea_eval,needs_id,2026-07-02,13.3,103.8,0,0,https://www.inaturalist.org/photos/690124963
690618332,36dc85c0-5f8c-4d56-93af-211293d7b0be,10297100,CC-BY-NC,Coffea arabica,coffea,coffea_eval,research,2025-10-22,-27.6,152.9,0,0,https://www.inaturalist.org/photos/690618332
692299963,5e747a52-8d28-49b5-be86-35189f578966,9178219,CC-BY-NC,Coffea arabica,coffea,coffea_eval,research,2025-02-24,14.6,101.4,0,0,https://www.inaturalist.org/photos/692299963
695305372,8655092a-b385-4e96-a7ab-7a337c06cbca,10752812,CC-BY-NC,Coffea arabica,coffea,coffea_eval,research,2024-03-28,-12.8,-69.4,0,0,https://www.inaturalist.org/photos/695305372
697855197,7535917f-012b-4dce-ad56-379dbe08cffe,10767720,CC-BY-NC,Coffea arabica,coffea,coffea_eval,needs_id,2026-07-14,10.3,-84.8,0,0,https://www.inaturalist.org/photos/697855197
699892506,def31b53-8bb7-4d43-b12b-6960deb76760,6247621,CC-BY-NC,Coffea arabica,coffea,coffea_eval,research,2026-07-17,-33.8,151.3,0,0,https://www.inaturalist.org/photos/699892506
701881202,1862e203-0a8d-44eb-9e1a-42877242555d,10342929,CC-BY-NC,Coffea arabica,coffea,coffea_eval,research,2026-07-12,15.9,-96.2,1,1,https://www.inaturalist.org/photos/701881202
706827906,974cdeaa-0269-4e16-9581-10c8e4a90614,10748966,CC-BY-NC,Coffea arabica,coffea,coffea_eval,needs_id,2026-07-28,7.8,-72.6,0,0,https://www.inaturalist.org/photos/706827906
708063649,ccc59af3-9cfe-4d28-b1d8-2d24b9365a47,6812223,CC-BY-NC,Coffea arabica,coffea,coffea_eval,research,2026-07-30,9.8,-83.9,0,0,https://www.inaturalist.org/photos/708063649
710118379,36dc2e9f-68a2-4d8a-b566-df8114ffd6cc,805539,CC-BY-NC-SA,Coffea arabica,coffea,coffea_eval,research,2026-07-11,21.2,-98.4,1,1,https://www.inaturalist.org/photos/710118379
710570289,4e7137c4-db27-4c01-86e0-5a7bb7f9f827,10831419,CC-BY-NC,Coffea arabica,coffea,coffea_eval,research,2023-12-20,-6.1,39.2,0,0,https://www.inaturalist.org/photos/710570289
717500272,ba48bca6-e49f-40c9-9876-0038d1999b3b,2279345,CC-BY,Coffea arabica,coffea,coffea_eval,casual,2019-07-30,19.1,-155.6,0,0,https://www.inaturalist.org/photos/717500272
717871095,12082fe3-df87-473c-a5d5-69c98c68fadd,10582938,CC-BY-NC,Coffea arabica,coffea,coffea_eval,needs_id,2026-08-16,-3.4,38.3,0,0,https://www.inaturalist.org/photos/717871095
719124994,bb22581f-0499-4ec0-8d85-c52a7063a84f,8103151,CC-BY-NC,Coffea arabica,coffea,coffea_eval,casual,2026-08-18,1.3,103.9,0,0,https://www.inaturalist.org/photos/719124994
721045998,74f2471c-ccd6-43b7-9860-8bb0c754761a,10925495,CC-BY-NC,Coffea arabica,coffea,coffea_eval,casual,2026-08-22,24.1,120.7,0,0,https://www.inaturalist.org/photos/721045998
722190658,4144ea28-c2df-4f24-81e1-3c18f1740186,7751206,CC-BY-NC,Coffea arabica,coffea,coffea_eval,casual,2026-08-23,19.5,-155.9,0,0,https://www.inaturalist.org/photos/722190658
724680908,de78913b-d443-4715-b884-2ac9dc27e6e7,1467762,CC-BY-NC,Coffea arabica,coffea,coffea_eval,research,2026-08-27,8.8,-82.5,0,0,https://www.inaturalist.org/photos/724680908
735753705,47e4a0c7-745c-4755-a719-1923f1a084f1,10560432,CC-BY-NC,Coffea arabica,coffea,coffea_eval,casual,2026-09-17,23.4,120.6,0,0,https://www.inaturalist.org/photos/735753705
736028848,1400aada-2c8c-4061-9ca9-44fafd4bc0ae,3432515,CC-BY-NC,Coffea arabica,coffea,coffea_eval,research,2026-09-16,4.9,-75.1,0,0,https://www.inaturalist.org/photos/736028848
736605862,b06785bb-c6aa-465e-971d-9749eed589b2,10120247,CC-BY-NC,Coffea arabica,coffea,coffea_eval,casual,2026-03-30,41.9,-87.6,0,0,https://www.inaturalist.org/photos/736605862
737219544,9bd02acf-de2a-4680-82dc-b80541bf38dd,10474935,CC-BY-NC,Coffea arabica,coffea,coffea_eval,research,2026-09-19,21.9,-159.6,0,0,https://www.inaturalist.org/photos/737219544
737628610,750bc59c-7d3f-4855-b870-b22cad9c9240,7826,CC-BY-NC,Coffea arabica,coffea,coffea_eval,needs_id,2026-09-20,27.8,95.8,0,0,https://www.inaturalist.org/photos/737628610
740390670,79595051-a0f0-4a09-b6cd-d68f2cfcb41b,9615106,CC-BY-NC,Coffea arabica,coffea,coffea_eval,research,2026-09-23,10.3,-66.0,0,0,https://www.inaturalist.org/photos/740390670
740764408,3d0491a4-cad0-403c-9cdb-c75c7f6d3b98,316716,CC-BY-NC,Coffea arabica,coffea,coffea_eval,research,2026-09-25,20.8,-156.5,0,0,https://www.inaturalist.org/photos/740764408
200336723,cfcad913-dd2e-472e-bc41-8dcb77e22b1d,1401081,CC-BY-NC,Leucoptera coffeella,minador,field_test,research,2022-05-23,19.6,-70.1,0,0,https://www.inaturalist.org/photos/200336723
200336753,cfcad913-dd2e-472e-bc41-8dcb77e22b1d,1401081,CC-BY-NC,Leucoptera coffeella,minador,field_test,research,2022-05-23,19.6,-70.1,0,0,https://www.inaturalist.org/photos/200336753
200336782,cfcad913-dd2e-472e-bc41-8dcb77e22b1d,1401081,CC-BY-NC,Leucoptera coffeella,minador,field_test,research,2022-05-23,19.6,-70.1,0,0,https://www.inaturalist.org/photos/200336782
345723577,b05e76c9-0fa1-4526-8b55-66528eb3bd64,1401081,CC-BY-NC,Leucoptera coffeella,minador,field_test,needs_id,2024-01-10,19.7,-70.4,0,0,https://www.inaturalist.org/photos/345723577
478391764,6e21546e-31da-4133-ad66-275a366f708f,1979160,CC-BY-NC,Leucoptera coffeella,minador,field_test,needs_id,2025-03-21,19.1,-101.5,1,1,https://www.inaturalist.org/photos/478391764
486854676,a1cc1b30-a435-49ff-8d7f-18950890021b,1979160,CC-BY-NC,Leucoptera coffeella,minador,field_test,needs_id,2025-04-15,17.7,-98.5,1,1,https://www.inaturalist.org/photos/486854676
676729980,1bf7410a-3b09-41eb-9389-265650bbd97c,10288140,CC-BY-NC,Leucoptera coffeella,minador,field_test,casual,,-18.7,-39.9,0,0,https://www.inaturalist.org/photos/676729980
676731056,1bf7410a-3b09-41eb-9389-265650bbd97c,10288140,CC-BY-NC,Leucoptera coffeella,minador,field_test,casual,,-18.7,-39.9,0,0,https://www.inaturalist.org/photos/676731056
703417039,bea50a77-7d27-4c41-aa34-181747fe1e96,6277989,CC-BY-NC,Leucoptera coffeella,minador,field_test,needs_id,2026-07-23,10.1,-84.5,0,0,https://www.inaturalist.org/photos/703417039
257137585,5f744995-16e2-402e-b0eb-ac4342b2d37f,191857,CC-BY-NC,Leucoptera coffeella,minador,field_train,needs_id,2023-02-03,10.0,-84.0,0,0,https://www.inaturalist.org/photos/257137585
257137659,5f744995-16e2-402e-b0eb-ac4342b2d37f,191857,CC-BY-NC,Leucoptera coffeella,minador,field_train,needs_id,2023-02-03,10.0,-84.0,0,0,https://www.inaturalist.org/photos/257137659
458036556,58f39862-ec0e-4eca-9e8c-7f94fc8110f6,2780840,CC-BY-NC,Leucoptera coffeella,minador,field_train,needs_id,2024-12-19,1.6,99.2,0,0,https://www.inaturalist.org/photos/458036556
458036571,58f39862-ec0e-4eca-9e8c-7f94fc8110f6,2780840,CC-BY-NC,Leucoptera coffeella,minador,field_train,needs_id,2024-12-19,1.6,99.2,0,0,https://www.inaturalist.org/photos/458036571
458036591,58f39862-ec0e-4eca-9e8c-7f94fc8110f6,2780840,CC-BY-NC,Leucoptera coffeella,minador,field_train,needs_id,2024-12-19,1.6,99.2,0,0,https://www.inaturalist.org/photos/458036591
540148654,29072806-50b5-4968-bf2a-ab4e33befb47,231737,CC-BY,Leucoptera coffeella,minador,field_train,research,2025-07-21,-25.6,-54.5,0,0,https://www.inaturalist.org/photos/540148654
540148658,29072806-50b5-4968-bf2a-ab4e33befb47,231737,CC-BY,Leucoptera coffeella,minador,field_train,research,2025-07-21,-25.6,-54.5,0,0,https://www.inaturalist.org/photos/540148658
540148660,29072806-50b5-4968-bf2a-ab4e33befb47,231737,CC-BY,Leucoptera coffeella,minador,field_train,research,2025-07-21,-25.6,-54.5,0,0,https://www.inaturalist.org/photos/540148660
540148661,29072806-50b5-4968-bf2a-ab4e33befb47,231737,CC-BY,Leucoptera coffeella,minador,field_train,research,2025-07-21,-25.6,-54.5,0,0,https://www.inaturalist.org/photos/540148661
540148663,29072806-50b5-4968-bf2a-ab4e33befb47,231737,CC-BY,Leucoptera coffeella,minador,field_train,research,2025-07-21,-25.6,-54.5,0,0,https://www.inaturalist.org/photos/540148663
540148664,29072806-50b5-4968-bf2a-ab4e33befb47,231737,CC-BY,Leucoptera coffeella,minador,field_train,research,2025-07-21,-25.6,-54.5,0,0,https://www.inaturalist.org/photos/540148664
696157440,1e5d3e52-7983-4f94-88dd-66396d0b6a5a,10695869,CC-BY-NC,Leucoptera coffeella,minador,field_train,needs_id,2026-06-10,-18.7,-39.9,0,0,https://www.inaturalist.org/photos/696157440
712306017,b91e2223-f0d8-498c-87fb-9b0492379fa7,8100987,CC-BY-NC,Leucoptera coffeella,minador,field_train,needs_id,2026-08-06,-25.4,-49.2,0,0,https://www.inaturalist.org/photos/712306017
712306062,b91e2223-f0d8-498c-87fb-9b0492379fa7,8100987,CC-BY-NC,Leucoptera coffeella,minador,field_train,needs_id,2026-08-06,-25.4,-49.2,0,0,https://www.inaturalist.org/photos/712306062
712306107,b91e2223-f0d8-498c-87fb-9b0492379fa7,8100987,CC-BY-NC,Leucoptera coffeella,minador,field_train,needs_id,2026-08-06,-25.4,-49.2,0,0,https://www.inaturalist.org/photos/712306107
712306183,e6be3041-e796-4b77-9cdc-bf861f21154c,8100987,CC-BY-NC,Leucoptera coffeella,minador,field_train,needs_id,2026-08-06,-25.4,-49.2,0,0,https://www.inaturalist.org/photos/712306183
716044612,37487dab-3129-4c49-ad00-d23f102c2df3,8100987,CC-BY-NC,Leucoptera coffeella,minador,field_train,needs_id,2026-08-11,-25.4,-49.2,0,0,https://www.inaturalist.org/photos/716044612
716044941,5f237934-8b88-4d15-bd88-71c0f44191e7,8100987,CC-BY-NC,Leucoptera coffeella,minador,field_train,needs_id,2026-08-11,-25.4,-49.2,0,0,https://www.inaturalist.org/photos/716044941
716045002,f163434b-4d88-42b6-afc2-1c259a5047ec,8100987,CC-BY-NC,Leucoptera coffeella,minador,field_train,needs_id,2026-08-11,-25.4,-49.2,0,0,https://www.inaturalist.org/photos/716045002
716045208,802341b4-935c-41a3-ac81-55494d25c502,8100987,CC-BY-NC,Leucoptera coffeella,minador,field_train,needs_id,2026-08-11,-25.4,-49.2,0,0,https://www.inaturalist.org/photos/716045208
716045256,802341b4-935c-41a3-ac81-55494d25c502,8100987,CC-BY-NC,Leucoptera coffeella,minador,field_train,needs_id,2026-08-11,-25.4,-49.2,0,0,https://www.inaturalist.org/photos/716045256
8969789,0e8aaec2-6321-4352-beb7-85126480af91,221542,CC-BY-NC-SA,Mycena citricolor,ojo_de_gallo,field_test,research,2014-04-17,0.3,-78.8,0,0,https://www.inaturalist.org/photos/8969789
8969790,0e8aaec2-6321-4352-beb7-85126480af91,221542,CC-BY-NC-SA,Mycena citricolor,ojo_de_gallo,field_test,research,2014-04-17,0.3,-78.8,0,0,https://www.inaturalist.org/photos/8969790
8969791,0e8aaec2-6321-4352-beb7-85126480af91,221542,CC-BY-NC-SA,Mycena citricolor,ojo_de_gallo,field_test,research,2014-04-17,0.3,-78.8,0,0,https://www.inaturalist.org/photos/8969791
8969792,0e8aaec2-6321-4352-beb7-85126480af91,221542,CC-BY-NC-SA,Mycena citricolor,ojo_de_gallo,field_test,research,2014-04-17,0.3,-78.8,0,0,https://www.inaturalist.org/photos/8969792
8969793,0e8aaec2-6321-4352-beb7-85126480af91,221542,CC-BY-NC-SA,Mycena citricolor,ojo_de_gallo,field_test,research,2014-04-17,0.3,-78.8,0,0,https://www.inaturalist.org/photos/8969793
9078389,f353f9f5-3095-4482-831e-373e88cb96ad,534374,CC-BY-NC,Mycena citricolor,ojo_de_gallo,field_test,research,2014-09-27,18.1,-96.8,1,1,https://www.inaturalist.org/photos/9078389
9078468,bcef70ec-92bb-470b-be6a-d560cf67407f,534374,CC-BY-NC,Mycena citricolor,ojo_de_gallo,field_test,research,2017-07-15,18.1,-96.8,1,1,https://www.inaturalist.org/photos/9078468
86094823,3ad87cca-c548-479e-9423-b6631a229f9d,3311571,CC-BY-NC,Mycena citricolor,ojo_de_gallo,field_test,research,2020-07-18,-4.1,-78.6,0,0,https://www.inaturalist.org/photos/86094823
86094983,3ad87cca-c548-479e-9423-b6631a229f9d,3311571,CC-BY-NC,Mycena citricolor,ojo_de_gallo,field_test,research,2020-07-18,-4.1,-78.6,0,0,https://www.inaturalist.org/photos/86094983
97212670,fd12678d-f1d5-4c7e-93c1-95caa934db72,1698191,CC-BY,Mycena citricolor,ojo_de_gallo,field_test,needs_id,2020-09-25,10.0,-84.5,0,0,https://www.inaturalist.org/photos/97212670
97212723,fd12678d-f1d5-4c7e-93c1-95caa934db72,1698191,CC-BY,Mycena citricolor,ojo_de_gallo,field_test,needs_id,2020-09-25,10.0,-84.5,0,0,https://www.inaturalist.org/photos/97212723
97212799,fd12678d-f1d5-4c7e-93c1-95caa934db72,1698191,CC-BY,Mycena citricolor,ojo_de_gallo,field_test,needs_id,2020-09-25,10.0,-84.5,0,0,https://www.inaturalist.org/photos/97212799
97212866,fd12678d-f1d5-4c7e-93c1-95caa934db72,1698191,CC-BY,Mycena citricolor,ojo_de_gallo,field_test,needs_id,2020-09-25,10.0,-84.5,0,0,https://www.inaturalist.org/photos/97212866
97212919,fd12678d-f1d5-4c7e-93c1-95caa934db72,1698191,CC-BY,Mycena citricolor,ojo_de_gallo,field_test,needs_id,2020-09-25,10.0,-84.5,0,0,https://www.inaturalist.org/photos/97212919
97212986,fd12678d-f1d5-4c7e-93c1-95caa934db72,1698191,CC-BY,Mycena citricolor,ojo_de_gallo,field_test,needs_id,2020-09-25,10.0,-84.5,0,0,https://www.inaturalist.org/photos/97212986
104569395,d8b26d55-d3ca-4610-8b48-7e80f612f701,723035,CC-BY,Mycena citricolor,ojo_de_gallo,field_test,needs_id,2020-11-14,14.4,-90.4,0,0,https://www.inaturalist.org/photos/104569395
105967946,cef9b6df-b670-432c-a5f3-2b4c6b5ab377,3860979,CC-BY-NC,Mycena citricolor,ojo_de_gallo,field_test,needs_id,2020-11-28,10.1,-84.4,0,0,https://www.inaturalist.org/photos/105967946
118933054,0c35bce9-d81d-451f-8647-f094b0946f72,4121796,CC-BY-NC,Mycena citricolor,ojo_de_gallo,field_test,needs_id,2021-04-04,9.2,-83.6,0,0,https://www.inaturalist.org/photos/118933054
216881981,a73a9c20-3ac2-478f-b8c7-73f9fdf12d9d,5950469,CC-BY-NC,Mycena citricolor,ojo_de_gallo,field_test,needs_id,2022-07-24,10.1,-84.5,0,0,https://www.inaturalist.org/photos/216881981
233467215,079ff284-8fec-46bb-807b-998691cc05b7,1877643,CC-BY,Mycena citricolor,ojo_de_gallo,field_test,needs_id,2022-07-26,15.2,-87.5,1,0,https://www.inaturalist.org/photos/233467215
233467219,079ff284-8fec-46bb-807b-998691cc05b7,1877643,CC-BY,Mycena citricolor,ojo_de_gallo,field_test,needs_id,2022-07-26,15.2,-87.5,1,0,https://www.inaturalist.org/photos/233467219
233467413,079ff284-8fec-46bb-807b-998691cc05b7,1877643,CC-BY,Mycena citricolor,ojo_de_gallo,field_test,needs_id,2022-07-26,15.2,-87.5,1,0,https://www.inaturalist.org/photos/233467413
241044132,9296adbe-d9d5-4ac7-aa5c-d655e2d2ba75,6276003,CC-BY-NC,Mycena citricolor,ojo_de_gallo,field_test,needs_id,2022-11-01,9.4,-83.6,0,0,https://www.inaturalist.org/photos/241044132
259063073,7935d02c-fc95-4a61-8034-a64917745f01,844805,CC-BY-SA,Mycena citricolor,ojo_de_gallo,field_test,needs_id,2020-05-25,18.3,-66.7,0,0,https://www.inaturalist.org/photos/259063073
259063086,7935d02c-fc95-4a61-8034-a64917745f01,844805,CC-BY-SA,Mycena citricolor,ojo_de_gallo,field_test,needs_id,2020-05-25,18.3,-66.7,0,0,https://www.inaturalist.org/photos/259063086
354758281,de47eb98-d5d2-4fef-8e5c-af522a33d3fa,1401081,CC-BY-NC,Mycena citricolor,ojo_de_gallo,field_test,needs_id,2024-02-29,18.0,-71.3,0,0,https://www.inaturalist.org/photos/354758281
354758319,de47eb98-d5d2-4fef-8e5c-af522a33d3fa,1401081,CC-BY-NC,Mycena citricolor,ojo_de_gallo,field_test,needs_id,2024-02-29,18.0,-71.3,0,0,https://www.inaturalist.org/photos/354758319
399603570,5cd2fcf9-7178-4120-a614-b3fc12ec9c6d,4576667,CC-BY-NC,Mycena citricolor,ojo_de_gallo,field_test,needs_id,2024-06-21,9.8,-84.0,0,0,https://www.inaturalist.org/photos/399603570
399603608,5cd2fcf9-7178-4120-a614-b3fc12ec9c6d,4576667,CC-BY-NC,Mycena citricolor,ojo_de_gallo,field_test,needs_id,2024-06-21,9.8,-84.0,0,0,https://www.inaturalist.org/photos/399603608
399603659,5cd2fcf9-7178-4120-a614-b3fc12ec9c6d,4576667,CC-BY-NC,Mycena citricolor,ojo_de_gallo,field_test,needs_id,2024-06-21,9.8,-84.0,0,0,https://www.inaturalist.org/photos/399603659
399603696,5cd2fcf9-7178-4120-a614-b3fc12ec9c6d,4576667,CC-BY-NC,Mycena citricolor,ojo_de_gallo,field_test,needs_id,2024-06-21,9.8,-84.0,0,0,https://www.inaturalist.org/photos/399603696
399603734,5cd2fcf9-7178-4120-a614-b3fc12ec9c6d,4576667,CC-BY-NC,Mycena citricolor,ojo_de_gallo,field_test,needs_id,2024-06-21,9.8,-84.0,0,0,https://www.inaturalist.org/photos/399603734
399603768,5cd2fcf9-7178-4120-a614-b3fc12ec9c6d,4576667,CC-BY-NC,Mycena citricolor,ojo_de_gallo,field_test,needs_id,2024-06-21,9.8,-84.0,0,0,https://www.inaturalist.org/photos/399603768
399603809,5cd2fcf9-7178-4120-a614-b3fc12ec9c6d,4576667,CC-BY-NC,Mycena citricolor,ojo_de_gallo,field_test,needs_id,2024-06-21,9.8,-84.0,0,0,https://www.inaturalist.org/photos/399603809
466954329,d0e3841d-5a9c-4d3e-88e4-12ed715b49b1,6056727,CC-BY-NC,Mycena citricolor,ojo_de_gallo,field_test,research,2025-01-29,-1.5,-78.1,0,0,https://www.inaturalist.org/photos/466954329
466954342,d0e3841d-5a9c-4d3e-88e4-12ed715b49b1,6056727,CC-BY-NC,Mycena citricolor,ojo_de_gallo,field_test,research,2025-01-29,-1.5,-78.1,0,0,https://www.inaturalist.org/photos/466954342
466954350,d0e3841d-5a9c-4d3e-88e4-12ed715b49b1,6056727,CC-BY-NC,Mycena citricolor,ojo_de_gallo,field_test,research,2025-01-29,-1.5,-78.1,0,0,https://www.inaturalist.org/photos/466954350
466954469,d0e3841d-5a9c-4d3e-88e4-12ed715b49b1,6056727,CC-BY-NC,Mycena citricolor,ojo_de_gallo,field_test,research,2025-01-29,-1.5,-78.1,0,0,https://www.inaturalist.org/photos/466954469
469144587,63c50660-6bd5-471d-8e26-702b3ba58fde,6056727,CC-BY-NC,Mycena citricolor,ojo_de_gallo,field_test,research,2025-02-07,-1.5,-78.1,0,0,https://www.inaturalist.org/photos/469144587
469144623,63c50660-6bd5-471d-8e26-702b3ba58fde,6056727,CC-BY-NC,Mycena citricolor,ojo_de_gallo,field_test,research,2025-02-07,-1.5,-78.1,0,0,https://www.inaturalist.org/photos/469144623
469144775,63c50660-6bd5-471d-8e26-702b3ba58fde,6056727,CC-BY-NC,Mycena citricolor,ojo_de_gallo,field_test,research,2025-02-07,-1.5,-78.1,0,0,https://www.inaturalist.org/photos/469144775
470100427,fff56f1a-caa3-4502-acc4-fc60563935fd,5125561,CC-BY-NC,Mycena citricolor,ojo_de_gallo,field_test,research,2025-02-07,-1.5,-78.1,0,0,https://www.inaturalist.org/photos/470100427
470100432,fff56f1a-caa3-4502-acc4-fc60563935fd,5125561,CC-BY-NC,Mycena citricolor,ojo_de_gallo,field_test,research,2025-02-07,-1.5,-78.1,0,0,https://www.inaturalist.org/photos/470100432
470100437,fff56f1a-caa3-4502-acc4-fc60563935fd,5125561,CC-BY-NC,Mycena citricolor,ojo_de_gallo,field_test,research,2025-02-07,-1.5,-78.1,0,0,https://www.inaturalist.org/photos/470100437
470100438,fff56f1a-caa3-4502-acc4-fc60563935fd,5125561,CC-BY-NC,Mycena citricolor,ojo_de_gallo,field_test,research,2025-02-07,-1.5,-78.1,0,0,https://www.inaturalist.org/photos/470100438
470647024,5b37e1b2-f3d7-4684-93f7-22166e250988,2369621,CC-BY-NC,Mycena citricolor,ojo_de_gallo,field_test,needs_id,2025-02-16,-1.6,-77.8,0,0,https://www.inaturalist.org/photos/470647024
470647045,5b37e1b2-f3d7-4684-93f7-22166e250988,2369621,CC-BY-NC,Mycena citricolor,ojo_de_gallo,field_test,needs_id,2025-02-16,-1.6,-77.8,0,0,https://www.inaturalist.org/photos/470647045
470647064,5b37e1b2-f3d7-4684-93f7-22166e250988,2369621,CC-BY-NC,Mycena citricolor,ojo_de_gallo,field_test,needs_id,2025-02-16,-1.6,-77.8,0,0,https://www.inaturalist.org/photos/470647064
470652650,4a29b3a3-8344-4d24-a924-48199bf76b67,25945,CC-BY,Mycena citricolor,ojo_de_gallo,field_test,research,2025-02-16,-1.6,-77.8,0,0,https://www.inaturalist.org/photos/470652650
470652672,4a29b3a3-8344-4d24-a924-48199bf76b67,25945,CC-BY,Mycena citricolor,ojo_de_gallo,field_test,research,2025-02-16,-1.6,-77.8,0,0,https://www.inaturalist.org/photos/470652672
470795952,5a15127e-9692-434b-bcef-3ee28d9ddee1,6056727,CC-BY-NC,Mycena citricolor,ojo_de_gallo,field_test,needs_id,2025-02-16,-1.6,-77.8,0,0,https://www.inaturalist.org/photos/470795952
476623304,3d9403ed-f198-431a-a29d-984a6939b712,5264184,CC-BY-NC,Mycena citricolor,ojo_de_gallo,field_test,research,2025-03-01,18.3,-65.8,0,0,https://www.inaturalist.org/photos/476623304
476623332,3d9403ed-f198-431a-a29d-984a6939b712,5264184,CC-BY-NC,Mycena citricolor,ojo_de_gallo,field_test,research,2025-03-01,18.3,-65.8,0,0,https://www.inaturalist.org/photos/476623332
476623345,3d9403ed-f198-431a-a29d-984a6939b712,5264184,CC-BY-NC,Mycena citricolor,ojo_de_gallo,field_test,research,2025-03-01,18.3,-65.8,0,0,https://www.inaturalist.org/photos/476623345
476623355,3d9403ed-f198-431a-a29d-984a6939b712,5264184,CC-BY-NC,Mycena citricolor,ojo_de_gallo,field_test,research,2025-03-01,18.3,-65.8,0,0,https://www.inaturalist.org/photos/476623355
476623368,3d9403ed-f198-431a-a29d-984a6939b712,5264184,CC-BY-NC,Mycena citricolor,ojo_de_gallo,field_test,research,2025-03-01,18.3,-65.8,0,0,https://www.inaturalist.org/photos/476623368
476623389,3d9403ed-f198-431a-a29d-984a6939b712,5264184,CC-BY-NC,Mycena citricolor,ojo_de_gallo,field_test,research,2025-03-01,18.3,-65.8,0,0,https://www.inaturalist.org/photos/476623389
476623400,3d9403ed-f198-431a-a29d-984a6939b712,5264184,CC-BY-NC,Mycena citricolor,ojo_de_gallo,field_test,research,2025-03-01,18.3,-65.8,0,0,https://www.inaturalist.org/photos/476623400
522147988,459b6a77-35bc-40d4-93ad-fe66c120496a,4883389,CC-BY-NC,Mycena citricolor,ojo_de_gallo,field_test,needs_id,2025-06-12,-1.4,-78.2,0,0,https://www.inaturalist.org/photos/522147988
522148032,459b6a77-35bc-40d4-93ad-fe66c120496a,4883389,CC-BY-NC,Mycena citricolor,ojo_de_gallo,field_test,needs_id,2025-06-12,-1.4,-78.2,0,0,https://www.inaturalist.org/photos/522148032
522148067,459b6a77-35bc-40d4-93ad-fe66c120496a,4883389,CC-BY-NC,Mycena citricolor,ojo_de_gallo,field_test,needs_id,2025-06-12,-1.4,-78.2,0,0,https://www.inaturalist.org/photos/522148067
522148102,459b6a77-35bc-40d4-93ad-fe66c120496a,4883389,CC-BY-NC,Mycena citricolor,ojo_de_gallo,field_test,needs_id,2025-06-12,-1.4,-78.2,0,0,https://www.inaturalist.org/photos/522148102
540851216,c2b4c939-0326-4a5b-a21e-745873d622a4,25945,CC-BY,Mycena citricolor,ojo_de_gallo,field_test,research,2025-07-22,10.3,-84.8,0,0,https://www.inaturalist.org/photos/540851216
540852788,c2b4c939-0326-4a5b-a21e-745873d622a4,25945,CC-BY,Mycena citricolor,ojo_de_gallo,field_test,research,2025-07-22,10.3,-84.8,0,0,https://www.inaturalist.org/photos/540852788
593410461,c259dd3a-cd7f-4f4d-979f-df62f8fe1327,9945314,CC-BY-NC,Mycena citricolor,ojo_de_gallo,field_test,needs_id,2025-11-18,0.1,-78.6,0,0,https://www.inaturalist.org/photos/593410461
593410464,c259dd3a-cd7f-4f4d-979f-df62f8fe1327,9945314,CC-BY-NC,Mycena citricolor,ojo_de_gallo,field_test,needs_id,2025-11-18,0.1,-78.6,0,0,https://www.inaturalist.org/photos/593410464
593412749,ff088d4e-fa3e-473f-bde4-a24d100ede4a,9945314,CC-BY-NC,Mycena citricolor,ojo_de_gallo,field_test,needs_id,2025-11-18,0.1,-78.6,0,0,https://www.inaturalist.org/photos/593412749
593412753,ff088d4e-fa3e-473f-bde4-a24d100ede4a,9945314,CC-BY-NC,Mycena citricolor,ojo_de_gallo,field_test,needs_id,2025-11-18,0.1,-78.6,0,0,https://www.inaturalist.org/photos/593412753
593413346,ff088d4e-fa3e-473f-bde4-a24d100ede4a,9945314,CC-BY-NC,Mycena citricolor,ojo_de_gallo,field_test,needs_id,2025-11-18,0.1,-78.6,0,0,https://www.inaturalist.org/photos/593413346
593413415,ff088d4e-fa3e-473f-bde4-a24d100ede4a,9945314,CC-BY-NC,Mycena citricolor,ojo_de_gallo,field_test,needs_id,2025-11-18,0.1,-78.6,0,0,https://www.inaturalist.org/photos/593413415
593419871,43654dc2-80a3-49c7-becd-38962bcd708d,9945314,CC-BY-NC,Mycena citricolor,ojo_de_gallo,field_test,needs_id,2025-11-18,0.1,-78.6,0,0,https://www.inaturalist.org/photos/593419871
593419880,43654dc2-80a3-49c7-becd-38962bcd708d,9945314,CC-BY-NC,Mycena citricolor,ojo_de_gallo,field_test,needs_id,2025-11-18,0.1,-78.6,0,0,https://www.inaturalist.org/photos/593419880
593419892,43654dc2-80a3-49c7-becd-38962bcd708d,9945314,CC-BY-NC,Mycena citricolor,ojo_de_gallo,field_test,needs_id,2025-11-18,0.1,-78.6,0,0,https://www.inaturalist.org/photos/593419892
593419899,43654dc2-80a3-49c7-becd-38962bcd708d,9945314,CC-BY-NC,Mycena citricolor,ojo_de_gallo,field_test,needs_id,2025-11-18,0.1,-78.6,0,0,https://www.inaturalist.org/photos/593419899
593461837,e48ff449-e574-4a03-96c9-79f12094fe79,9945314,CC-BY-NC,Mycena citricolor,ojo_de_gallo,field_test,research,2025-11-17,0.1,-78.6,0,0,https://www.inaturalist.org/photos/593461837
593461843,e48ff449-e574-4a03-96c9-79f12094fe79,9945314,CC-BY-NC,Mycena citricolor,ojo_de_gallo,field_test,research,2025-11-17,0.1,-78.6,0,0,https://www.inaturalist.org/photos/593461843
593461847,e48ff449-e574-4a03-96c9-79f12094fe79,9945314,CC-BY-NC,Mycena citricolor,ojo_de_gallo,field_test,research,2025-11-17,0.1,-78.6,0,0,https://www.inaturalist.org/photos/593461847
593461850,e48ff449-e574-4a03-96c9-79f12094fe79,9945314,CC-BY-NC,Mycena citricolor,ojo_de_gallo,field_test,research,2025-11-17,0.1,-78.6,0,0,https://www.inaturalist.org/photos/593461850
620275381,786129af-00b0-418b-8cfc-e14bd3bde649,5264184,CC-BY,Mycena citricolor,ojo_de_gallo,field_test,research,2025-01-03,18.3,-65.8,0,0,https://www.inaturalist.org/photos/620275381
620275427,786129af-00b0-418b-8cfc-e14bd3bde649,5264184,CC-BY,Mycena citricolor,ojo_de_gallo,field_test,research,2025-01-03,18.3,-65.8,0,0,https://www.inaturalist.org/photos/620275427
620275457,786129af-00b0-418b-8cfc-e14bd3bde649,5264184,CC-BY,Mycena citricolor,ojo_de_gallo,field_test,research,2025-01-03,18.3,-65.8,0,0,https://www.inaturalist.org/photos/620275457
620275489,786129af-00b0-418b-8cfc-e14bd3bde649,5264184,CC-BY,Mycena citricolor,ojo_de_gallo,field_test,research,2025-01-03,18.3,-65.8,0,0,https://www.inaturalist.org/photos/620275489
620275529,786129af-00b0-418b-8cfc-e14bd3bde649,5264184,CC-BY,Mycena citricolor,ojo_de_gallo,field_test,research,2025-01-03,18.3,-65.8,0,0,https://www.inaturalist.org/photos/620275529
620275568,786129af-00b0-418b-8cfc-e14bd3bde649,5264184,CC-BY,Mycena citricolor,ojo_de_gallo,field_test,research,2025-01-03,18.3,-65.8,0,0,https://www.inaturalist.org/photos/620275568
620275609,786129af-00b0-418b-8cfc-e14bd3bde649,5264184,CC-BY,Mycena citricolor,ojo_de_gallo,field_test,research,2025-01-03,18.3,-65.8,0,0,https://www.inaturalist.org/photos/620275609
620276760,786129af-00b0-418b-8cfc-e14bd3bde649,5264184,CC-BY,Mycena citricolor,ojo_de_gallo,field_test,research,2025-01-03,18.3,-65.8,0,0,https://www.inaturalist.org/photos/620276760
703420917,9ce7b298-dc86-43bd-9cd7-7d482b5ac3a7,6277989,CC-BY-NC,Mycena citricolor,ojo_de_gallo,field_test,needs_id,2026-07-23,10.1,-84.5,0,0,https://www.inaturalist.org/photos/703420917
706993793,e58bbbc1-b470-440d-81a3-d03aff657099,844805,CC-BY-SA,Mycena citricolor,ojo_de_gallo,field_test,needs_id,2026-07-28,18.2,-66.7,0,0,https://www.inaturalist.org/photos/706993793
706993845,e58bbbc1-b470-440d-81a3-d03aff657099,844805,CC-BY-SA,Mycena citricolor,ojo_de_gallo,field_test,needs_id,2026-07-28,18.2,-66.7,0,0,https://www.inaturalist.org/photos/706993845
706993893,e58bbbc1-b470-440d-81a3-d03aff657099,844805,CC-BY-SA,Mycena citricolor,ojo_de_gallo,field_test,needs_id,2026-07-28,18.2,-66.7,0,0,https://www.inaturalist.org/photos/706993893
30714952,913aa222-4a2b-4cc6-8e25-8d39c95e9f90,410330,CC-BY-NC,Hemileia vastatrix,roya,field_test,research,2019-01-27,5.8,-76.0,0,0,https://www.inaturalist.org/photos/30714952
30714987,913aa222-4a2b-4cc6-8e25-8d39c95e9f90,410330,CC-BY-NC,Hemileia vastatrix,roya,field_test,research,2019-01-27,5.8,-76.0,0,0,https://www.inaturalist.org/photos/30714987
31642233,88a791be-3448-4a26-a9de-f045159a201d,44450,CC-BY-NC,Hemileia vastatrix,roya,field_test,research,2019-01-28,15.7,-92.8,1,1,https://www.inaturalist.org/photos/31642233
65767577,c06e80d8-a39b-4821-aa71-e75a748cd6e0,510249,CC-BY-NC,Hemileia vastatrix,roya,field_test,research,2020-03-12,14.6,-90.0,1,0,https://www.inaturalist.org/photos/65767577
65767858,c06e80d8-a39b-4821-aa71-e75a748cd6e0,510249,CC-BY-NC,Hemileia vastatrix,roya,field_test,research,2020-03-12,14.6,-90.0,1,0,https://www.inaturalist.org/photos/65767858
65767997,c06e80d8-a39b-4821-aa71-e75a748cd6e0,510249,CC-BY-NC,Hemileia vastatrix,roya,field_test,research,2020-03-12,14.6,-90.0,1,0,https://www.inaturalist.org/photos/65767997
183623228,5c3c2f5a-a44b-47d2-b1d1-4932eb29ef8d,5423634,CC-BY-NC,Hemileia,roya,field_test,needs_id,2018-04-20,9.3,-83.7,0,0,https://www.inaturalist.org/photos/183623228
216470200,6880b97a-d831-40d0-8ae0-84402876576f,5450430,CC-BY-NC,Hemileia,roya,field_test,needs_id,2022-07-23,9.7,-84.0,0,0,https://www.inaturalist.org/photos/216470200
248015836,56c142c5-99f9-416d-9935-8672afe8c31f,836783,CC-BY-NC,Hemileia vastatrix,roya,field_test,needs_id,2022-12-08,14.6,-90.5,1,0,https://www.inaturalist.org/photos/248015836
250771674,efacafae-fc6a-4b2a-90d8-2dcd2eacc94f,1031873,CC-BY-NC,Hemileia vastatrix,roya,field_test,research,2022-12-11,21.3,-157.8,0,0,https://www.inaturalist.org/photos/250771674
250771694,efacafae-fc6a-4b2a-90d8-2dcd2eacc94f,1031873,CC-BY-NC,Hemileia vastatrix,roya,field_test,research,2022-12-11,21.3,-157.8,0,0,https://www.inaturalist.org/photos/250771694
306884526,d522ed87-1da1-4c73-83e7-b00f21260389,1457267,CC-BY-NC,Hemileia vastatrix,roya,field_test,research,2023-07-25,8.8,-82.8,0,0,https://www.inaturalist.org/photos/306884526
346712103,b1d0ea2c-c253-424a-be9c-f953ffcbecdf,1031873,CC-BY-NC,Hemileia vastatrix,roya,field_test,research,2023-12-24,21.3,-157.8,0,0,https://www.inaturalist.org/photos/346712103
346712105,b1d0ea2c-c253-424a-be9c-f953ffcbecdf,1031873,CC-BY-NC,Hemileia vastatrix,roya,field_test,research,2023-12-24,21.3,-157.8,0,0,https://www.inaturalist.org/photos/346712105
354757796,e10d42c9-6ebb-4d43-b94d-082f1770c46a,1401081,CC-BY-NC,Hemileia vastatrix,roya,field_test,research,2024-02-29,18.0,-71.3,0,0,https://www.inaturalist.org/photos/354757796
354760564,a05d5f62-5d71-4e4d-98a6-a21a582e2829,1401081,CC-BY-NC,Hemileia vastatrix,roya,field_test,research,2024-02-29,18.0,-71.3,0,0,https://www.inaturalist.org/photos/354760564
354760598,a05d5f62-5d71-4e4d-98a6-a21a582e2829,1401081,CC-BY-NC,Hemileia vastatrix,roya,field_test,research,2024-02-29,18.0,-71.3,0,0,https://www.inaturalist.org/photos/354760598
381962883,1954dc7b-cd9e-475b-80ab-1f4a0a961384,422777,CC-BY-NC,Hemileia vastatrix,roya,field_test,casual,2024-05-15,16.3,-93.7,1,1,https://www.inaturalist.org/photos/381962883
454833561,f8708c5c-2d55-47ac-850e-58fcddddfb5a,34850,CC-BY-NC,Hemileia vastatrix,roya,field_test,needs_id,2024-12-01,20.7,-156.1,0,0,https://www.inaturalist.org/photos/454833561
454833566,f8708c5c-2d55-47ac-850e-58fcddddfb5a,34850,CC-BY-NC,Hemileia vastatrix,roya,field_test,needs_id,2024-12-01,20.7,-156.1,0,0,https://www.inaturalist.org/photos/454833566
461152049,c88983c2-5811-4d0e-ab6d-5bcd8e29ea42,1031873,CC-BY-NC,Hemileia vastatrix,roya,field_test,research,2025-01-01,21.5,-158.2,0,0,https://www.inaturalist.org/photos/461152049
461152050,c88983c2-5811-4d0e-ab6d-5bcd8e29ea42,1031873,CC-BY-NC,Hemileia vastatrix,roya,field_test,research,2025-01-01,21.5,-158.2,0,0,https://www.inaturalist.org/photos/461152050
471418047,23c3f1aa-448a-47e4-9377-12e1cedc4a88,4820620,CC-BY-NC,Hemileia vastatrix,roya,field_test,needs_id,2025-02-20,14.7,-91.2,1,0,https://www.inaturalist.org/photos/471418047
471418065,23c3f1aa-448a-47e4-9377-12e1cedc4a88,4820620,CC-BY-NC,Hemileia vastatrix,roya,field_test,needs_id,2025-02-20,14.7,-91.2,1,0,https://www.inaturalist.org/photos/471418065
471418077,23c3f1aa-448a-47e4-9377-12e1cedc4a88,4820620,CC-BY-NC,Hemileia vastatrix,roya,field_test,needs_id,2025-02-20,14.7,-91.2,1,0,https://www.inaturalist.org/photos/471418077
471418091,23c3f1aa-448a-47e4-9377-12e1cedc4a88,4820620,CC-BY-NC,Hemileia vastatrix,roya,field_test,needs_id,2025-02-20,14.7,-91.2,1,0,https://www.inaturalist.org/photos/471418091
471418101,23c3f1aa-448a-47e4-9377-12e1cedc4a88,4820620,CC-BY-NC,Hemileia vastatrix,roya,field_test,needs_id,2025-02-20,14.7,-91.2,1,0,https://www.inaturalist.org/photos/471418101
471418122,23c3f1aa-448a-47e4-9377-12e1cedc4a88,4820620,CC-BY-NC,Hemileia vastatrix,roya,field_test,needs_id,2025-02-20,14.7,-91.2,1,0,https://www.inaturalist.org/photos/471418122
471418136,23c3f1aa-448a-47e4-9377-12e1cedc4a88,4820620,CC-BY-NC,Hemileia vastatrix,roya,field_test,needs_id,2025-02-20,14.7,-91.2,1,0,https://www.inaturalist.org/photos/471418136
471418152,23c3f1aa-448a-47e4-9377-12e1cedc4a88,4820620,CC-BY-NC,Hemileia vastatrix,roya,field_test,needs_id,2025-02-20,14.7,-91.2,1,0,https://www.inaturalist.org/photos/471418152
471418162,23c3f1aa-448a-47e4-9377-12e1cedc4a88,4820620,CC-BY-NC,Hemileia vastatrix,roya,field_test,needs_id,2025-02-20,14.7,-91.2,1,0,https://www.inaturalist.org/photos/471418162
474590285,6f49de9a-76c8-4eea-ba10-14b05185cd3b,9000499,CC-BY-NC,Hemileia vastatrix,roya,field_test,research,2025-02-09,19.4,-102.1,1,1,https://www.inaturalist.org/photos/474590285
476252193,297773f3-e5de-46d9-8a6c-9713d4974013,4994193,CC-BY-NC,Hemileia vastatrix,roya,field_test,research,2025-02-18,15.4,-90.4,1,0,https://www.inaturalist.org/photos/476252193
479010652,dc081229-401f-497b-9e9f-1ec8c0ad2fbb,811913,CC-BY-NC,Hemileia vastatrix,roya,field_test,needs_id,2025-03-05,19.5,-97.0,1,1,https://www.inaturalist.org/photos/479010652
516559550,63ad067b-1464-41cf-a8ea-e3d0f63b99f8,2329353,CC-BY,Hemileia vastatrix,roya,field_test,needs_id,2025-06-05,13.8,-89.6,0,0,https://www.inaturalist.org/photos/516559550
516559609,63ad067b-1464-41cf-a8ea-e3d0f63b99f8,2329353,CC-BY,Hemileia vastatrix,roya,field_test,needs_id,2025-06-05,13.8,-89.6,0,0,https://www.inaturalist.org/photos/516559609
516559737,63ad067b-1464-41cf-a8ea-e3d0f63b99f8,2329353,CC-BY,Hemileia vastatrix,roya,field_test,needs_id,2025-06-05,13.8,-89.6,0,0,https://www.inaturalist.org/photos/516559737
516559788,63ad067b-1464-41cf-a8ea-e3d0f63b99f8,2329353,CC-BY,Hemileia vastatrix,roya,field_test,needs_id,2025-06-05,13.8,-89.6,0,0,https://www.inaturalist.org/photos/516559788
530486640,20013ab8-b65f-49f4-a2ff-8243a8a64d38,1979425,CC-BY-NC-ND,Hemileia vastatrix,roya,field_test,needs_id,2025-07-02,3.5,-76.3,0,0,https://www.inaturalist.org/photos/530486640
576602944,1b29ec50-b900-4a29-b25f-7b4f18379990,5359094,CC-BY-NC,Hemileia vastatrix,roya,field_test,needs_id,2025-08-28,-20.8,-42.9,0,0,https://www.inaturalist.org/photos/576602944
601035608,4b58f1aa-8e4a-4938-8e2d-d23dd9b57534,1368645,CC-BY-NC,Hemileia vastatrix,roya,field_test,research,2025-12-19,14.7,-91.2,1,0,https://www.inaturalist.org/photos/601035608
601035638,4b58f1aa-8e4a-4938-8e2d-d23dd9b57534,1368645,CC-BY-NC,Hemileia vastatrix,roya,field_test,research,2025-12-19,14.7,-91.2,1,0,https://www.inaturalist.org/photos/601035638
601035687,4b58f1aa-8e4a-4938-8e2d-d23dd9b57534,1368645,CC-BY-NC,Hemileia vastatrix,roya,field_test,research,2025-12-19,14.7,-91.2,1,0,https://www.inaturalist.org/photos/601035687
601035706,4b58f1aa-8e4a-4938-8e2d-d23dd9b57534,1368645,CC-BY-NC,Hemileia vastatrix,roya,field_test,research,2025-12-19,14.7,-91.2,1,0,https://www.inaturalist.org/photos/601035706
601035734,4b58f1aa-8e4a-4938-8e2d-d23dd9b57534,1368645,CC-BY-NC,Hemileia vastatrix,roya,field_test,research,2025-12-19,14.7,-91.2,1,0,https://www.inaturalist.org/photos/601035734
601035747,4b58f1aa-8e4a-4938-8e2d-d23dd9b57534,1368645,CC-BY-NC,Hemileia vastatrix,roya,field_test,research,2025-12-19,14.7,-91.2,1,0,https://www.inaturalist.org/photos/601035747
601035759,4b58f1aa-8e4a-4938-8e2d-d23dd9b57534,1368645,CC-BY-NC,Hemileia vastatrix,roya,field_test,research,2025-12-19,14.7,-91.2,1,0,https://www.inaturalist.org/photos/601035759
601035782,4b58f1aa-8e4a-4938-8e2d-d23dd9b57534,1368645,CC-BY-NC,Hemileia vastatrix,roya,field_test,research,2025-12-19,14.7,-91.2,1,0,https://www.inaturalist.org/photos/601035782
603172289,fea1c666-9f2e-4893-a5f4-145fb41ac64a,1368645,CC-BY-NC,Hemileia vastatrix,roya,field_test,research,2025-12-26,14.6,-90.7,1,0,https://www.inaturalist.org/photos/603172289
603172333,fea1c666-9f2e-4893-a5f4-145fb41ac64a,1368645,CC-BY-NC,Hemileia vastatrix,roya,field_test,research,2025-12-26,14.6,-90.7,1,0,https://www.inaturalist.org/photos/603172333
603172380,fea1c666-9f2e-4893-a5f4-145fb41ac64a,1368645,CC-BY-NC,Hemileia vastatrix,roya,field_test,research,2025-12-26,14.6,-90.7,1,0,https://www.inaturalist.org/photos/603172380
655088126,f0030206-cc79-42fa-bb80-4fe0aa4687b5,2201683,CC-BY-NC,Hemileia,roya,field_test,needs_id,2026-05-03,15.4,-90.4,1,0,https://www.inaturalist.org/photos/655088126
655088551,1cde46b5-7b29-4fc3-a4da-89c2b6393778,2201683,CC-BY-NC,Hemileia,roya,field_test,needs_id,2026-05-03,15.4,-90.4,1,0,https://www.inaturalist.org/photos/655088551
4909890,59bbe811-f66e-4b65-97a2-f3318d22b97d,4819,CC-BY,Hemileia vastatrix,roya,field_train,research,2014-01-09,11.9,-86.3,0,0,https://www.inaturalist.org/photos/4909890
32032269,b9db5e14-e126-4a99-b5a2-fb1894cb8bd6,807395,CC-BY-NC,Hemileia vastatrix,roya,field_train,research,2006-11-04,23.6,120.6,0,0,https://www.inaturalist.org/photos/32032269
32032270,b9db5e14-e126-4a99-b5a2-fb1894cb8bd6,807395,CC-BY-NC,Hemileia vastatrix,roya,field_train,research,2006-11-04,23.6,120.6,0,0,https://www.inaturalist.org/photos/32032270
32032271,b9db5e14-e126-4a99-b5a2-fb1894cb8bd6,807395,CC-BY-NC,Hemileia vastatrix,roya,field_train,research,2006-11-04,23.6,120.6,0,0,https://www.inaturalist.org/photos/32032271
44355319,197e2ba9-f639-4236-afde-8af8de669b5a,19447,CC-BY-NC,Hemileia vastatrix,roya,field_train,research,2019-07-08,19.6,-70.9,0,0,https://www.inaturalist.org/photos/44355319
44355324,197e2ba9-f639-4236-afde-8af8de669b5a,19447,CC-BY-NC,Hemileia vastatrix,roya,field_train,research,2019-07-08,19.6,-70.9,0,0,https://www.inaturalist.org/photos/44355324
104570333,0cce6ab5-0bac-41d5-b856-0d6f1205d594,723035,CC-BY,Hemileia vastatrix,roya,field_train,research,2020-11-14,14.4,-90.4,0,0,https://www.inaturalist.org/photos/104570333
104975182,9d551f6f-0995-4798-b2ae-0aa32e3a7df5,260453,CC-BY-NC,Hemileia vastatrix,roya,field_train,research,2018-03-08,8.8,-82.5,0,0,https://www.inaturalist.org/photos/104975182
104975184,9d551f6f-0995-4798-b2ae-0aa32e3a7df5,260453,CC-BY-NC,Hemileia vastatrix,roya,field_train,research,2018-03-08,8.8,-82.5,0,0,https://www.inaturalist.org/photos/104975184
134263530,69dae0f9-b39a-46a5-9a15-4f288b637a5e,4191611,CC-BY-NC,Hemileia vastatrix,roya,field_train,research,2021-06-06,-22.5,-46.6,0,0,https://www.inaturalist.org/photos/134263530
134263562,69dae0f9-b39a-46a5-9a15-4f288b637a5e,4191611,CC-BY-NC,Hemileia vastatrix,roya,field_train,research,2021-06-06,-22.5,-46.6,0,0,https://www.inaturalist.org/photos/134263562
134263593,69dae0f9-b39a-46a5-9a15-4f288b637a5e,4191611,CC-BY-NC,Hemileia vastatrix,roya,field_train,research,2021-06-06,-22.5,-46.6,0,0,https://www.inaturalist.org/photos/134263593
134263618,69dae0f9-b39a-46a5-9a15-4f288b637a5e,4191611,CC-BY-NC,Hemileia vastatrix,roya,field_train,research,2021-06-06,-22.5,-46.6,0,0,https://www.inaturalist.org/photos/134263618
134263657,69dae0f9-b39a-46a5-9a15-4f288b637a5e,4191611,CC-BY-NC,Hemileia vastatrix,roya,field_train,research,2021-06-06,-22.5,-46.6,0,0,https://www.inaturalist.org/photos/134263657
134263707,69dae0f9-b39a-46a5-9a15-4f288b637a5e,4191611,CC-BY-NC,Hemileia vastatrix,roya,field_train,research,2021-06-06,-22.5,-46.6,0,0,https://www.inaturalist.org/photos/134263707
173251464,c5a2782d-b4bb-4e4c-be9e-ed33d9168fbe,1404811,CC-BY,Hemileia vastatrix,roya,field_train,research,2021-09-08,24.0,121.1,0,0,https://www.inaturalist.org/photos/173251464
173251474,c5a2782d-b4bb-4e4c-be9e-ed33d9168fbe,1404811,CC-BY,Hemileia vastatrix,roya,field_train,research,2021-09-08,24.0,121.1,0,0,https://www.inaturalist.org/photos/173251474
173251486,c5a2782d-b4bb-4e4c-be9e-ed33d9168fbe,1404811,CC-BY,Hemileia vastatrix,roya,field_train,research,2021-09-08,24.0,121.1,0,0,https://www.inaturalist.org/photos/173251486
175897569,c5a2782d-b4bb-4e4c-be9e-ed33d9168fbe,1404811,CC-BY,Hemileia vastatrix,roya,field_train,research,2021-09-08,24.0,121.1,0,0,https://www.inaturalist.org/photos/175897569
180743469,fe4501df-0248-42e5-be94-b27c0af8ace0,321317,CC-BY,Hemileia vastatrix,roya,field_train,needs_id,2022-02-20,21.3,-157.8,0,0,https://www.inaturalist.org/photos/180743469
180743481,fe4501df-0248-42e5-be94-b27c0af8ace0,321317,CC-BY,Hemileia vastatrix,roya,field_train,needs_id,2022-02-20,21.3,-157.8,0,0,https://www.inaturalist.org/photos/180743481
188694479,d585a5ee-f8d0-4d15-a6eb-95eaa00e8f2f,5520487,CC-BY-NC,Hemileia vastatrix,roya,field_train,research,2022-02-09,6.1,-75.4,0,0,https://www.inaturalist.org/photos/188694479
190572386,1b6133e6-6494-4da3-9492-1ad76e7d5540,321317,CC-BY,Hemileia vastatrix,roya,field_train,needs_id,2022-04-24,21.5,-158.2,0,0,https://www.inaturalist.org/photos/190572386
216799586,6093c28b-b343-4dbf-a349-6c23cc47b826,5850485,CC-BY-NC,Hemileia vastatrix,roya,field_train,needs_id,2022-07-24,9.4,-83.6,0,0,https://www.inaturalist.org/photos/216799586
216972628,217a8daa-6620-4c3d-a491-00d13ae82736,5194031,CC-BY-NC,Hemileia vastatrix,roya,field_train,needs_id,2022-07-22,10.1,-83.3,0,0,https://www.inaturalist.org/photos/216972628
216972668,217a8daa-6620-4c3d-a491-00d13ae82736,5194031,CC-BY-NC,Hemileia vastatrix,roya,field_train,needs_id,2022-07-22,10.1,-83.3,0,0,https://www.inaturalist.org/photos/216972668
216972708,217a8daa-6620-4c3d-a491-00d13ae82736,5194031,CC-BY-NC,Hemileia vastatrix,roya,field_train,needs_id,2022-07-22,10.1,-83.3,0,0,https://www.inaturalist.org/photos/216972708
216972739,217a8daa-6620-4c3d-a491-00d13ae82736,5194031,CC-BY-NC,Hemileia vastatrix,roya,field_train,needs_id,2022-07-22,10.1,-83.3,0,0,https://www.inaturalist.org/photos/216972739
216972763,217a8daa-6620-4c3d-a491-00d13ae82736,5194031,CC-BY-NC,Hemileia vastatrix,roya,field_train,needs_id,2022-07-22,10.1,-83.3,0,0,https://www.inaturalist.org/photos/216972763
237042597,b0175ff0-9e22-43d5-a4ae-feb56736431c,6238724,CC-BY-NC,Hemileia vastatrix,roya,field_train,research,2015-03-20,19.6,-72.2,0,0,https://www.inaturalist.org/photos/237042597
251902009,274457ec-56c9-4c24-926a-4a270a486253,1136170,CC-BY,Hemileia vastatrix,roya,field_train,research,2023-01-13,10.3,-84.8,0,0,https://www.inaturalist.org/photos/251902009
251902020,274457ec-56c9-4c24-926a-4a270a486253,1136170,CC-BY,Hemileia vastatrix,roya,field_train,research,2023-01-13,10.3,-84.8,0,0,https://www.inaturalist.org/photos/251902020
251902038,274457ec-56c9-4c24-926a-4a270a486253,1136170,CC-BY,Hemileia vastatrix,roya,field_train,research,2023-01-13,10.3,-84.8,0,0,https://www.inaturalist.org/photos/251902038
251902059,274457ec-56c9-4c24-926a-4a270a486253,1136170,CC-BY,Hemileia vastatrix,roya,field_train,research,2023-01-13,10.3,-84.8,0,0,https://www.inaturalist.org/photos/251902059
252039716,ad8af011-f4c4-4985-abdb-34b834222a18,545680,CC-BY,Hemileia vastatrix,roya,field_train,research,2022-12-28,10.1,-84.3,0,0,https://www.inaturalist.org/photos/252039716
254762609,d7fd1f0f-b9bb-4685-bf30-4a6ec5155802,3105721,CC-BY-NC,Hemileia vastatrix,roya,field_train,needs_id,2023-02-03,18.2,-66.7,0,0,https://www.inaturalist.org/photos/254762609
254762615,d7fd1f0f-b9bb-4685-bf30-4a6ec5155802,3105721,CC-BY-NC,Hemileia vastatrix,roya,field_train,needs_id,2023-02-03,18.2,-66.7,0,0,https://www.inaturalist.org/photos/254762615
254762622,d7fd1f0f-b9bb-4685-bf30-4a6ec5155802,3105721,CC-BY-NC,Hemileia vastatrix,roya,field_train,needs_id,2023-02-03,18.2,-66.7,0,0,https://www.inaturalist.org/photos/254762622
255227928,7f8f444b-50d3-4f31-93d6-78c55667486a,3991104,CC-BY-NC,Hemileia vastatrix,roya,field_train,research,2023-02-05,19.6,-156.0,0,0,https://www.inaturalist.org/photos/255227928
258261898,56646ee5-288d-4d6f-bfac-30e7c2bb4f33,2126017,CC-BY,Hemileia vastatrix,roya,field_train,research,2023-02-27,5.6,-75.8,0,0,https://www.inaturalist.org/photos/258261898
262422509,49c21072-6944-4e71-b3d0-95dd2f48b9e7,6585529,CC-BY-NC,Hemileia vastatrix,roya,field_train,research,2023-03-23,10.1,-84.4,0,0,https://www.inaturalist.org/photos/262422509
263102033,18d50ebb-bfae-44d6-915d-ae63288e7c58,6609480,CC-BY-NC,Hemileia,roya,field_train,needs_id,2023-03-26,10.1,-84.5,0,0,https://www.inaturalist.org/photos/263102033
270387641,caa9a0c8-e191-4f91-a44f-9c10ab5f7a0d,1404811,CC-BY,Hemileia vastatrix,roya,field_train,research,2023-04-22,23.9,120.9,0,0,https://www.inaturalist.org/photos/270387641
270387660,caa9a0c8-e191-4f91-a44f-9c10ab5f7a0d,1404811,CC-BY,Hemileia vastatrix,roya,field_train,research,2023-04-22,23.9,120.9,0,0,https://www.inaturalist.org/photos/270387660
270387685,caa9a0c8-e191-4f91-a44f-9c10ab5f7a0d,1404811,CC-BY,Hemileia vastatrix,roya,field_train,research,2023-04-22,23.9,120.9,0,0,https://www.inaturalist.org/photos/270387685
270388081,caa9a0c8-e191-4f91-a44f-9c10ab5f7a0d,1404811,CC-BY,Hemileia vastatrix,roya,field_train,research,2023-04-22,23.9,120.9,0,0,https://www.inaturalist.org/photos/270388081
300262213,59022021-3f29-4e7e-b528-c6a7bf635bad,2431441,CC0,Hemileia vastatrix,roya,field_train,research,2023-07-10,-28.7,-53.6,0,0,https://www.inaturalist.org/photos/300262213
300262230,59022021-3f29-4e7e-b528-c6a7bf635bad,2431441,CC0,Hemileia vastatrix,roya,field_train,research,2023-07-10,-28.7,-53.6,0,0,https://www.inaturalist.org/photos/300262230
300262249,59022021-3f29-4e7e-b528-c6a7bf635bad,2431441,CC0,Hemileia vastatrix,roya,field_train,research,2023-07-10,-28.7,-53.6,0,0,https://www.inaturalist.org/photos/300262249
300262278,59022021-3f29-4e7e-b528-c6a7bf635bad,2431441,CC0,Hemileia vastatrix,roya,field_train,research,2023-07-10,-28.7,-53.6,0,0,https://www.inaturalist.org/photos/300262278
314826659,3160a0d9-b079-453c-aa05-16203c0fcffe,2629839,CC-BY-NC,Hemileia vastatrix,roya,field_train,research,2023-08-13,21.3,-157.8,0,0,https://www.inaturalist.org/photos/314826659
314826667,3160a0d9-b079-453c-aa05-16203c0fcffe,2629839,CC-BY-NC,Hemileia vastatrix,roya,field_train,research,2023-08-13,21.3,-157.8,0,0,https://www.inaturalist.org/photos/314826667
314826669,3160a0d9-b079-453c-aa05-16203c0fcffe,2629839,CC-BY-NC,Hemileia vastatrix,roya,field_train,research,2023-08-13,21.3,-157.8,0,0,https://www.inaturalist.org/photos/314826669
327578400,1be1e2ab-cb6e-4bb0-a3e4-ce5d31a13c1f,2991,CC-BY-NC-ND,Hemileia vastatrix,roya,field_train,research,2023-09-26,19.6,-156.0,0,0,https://www.inaturalist.org/photos/327578400
327578403,1be1e2ab-cb6e-4bb0-a3e4-ce5d31a13c1f,2991,CC-BY-NC-ND,Hemileia vastatrix,roya,field_train,research,2023-09-26,19.6,-156.0,0,0,https://www.inaturalist.org/photos/327578403
334436569,3b7e5593-396b-4ead-b6b3-3b9675fb7567,321317,CC-BY,Hemileia vastatrix,roya,field_train,needs_id,2023-08-13,21.3,-157.8,0,0,https://www.inaturalist.org/photos/334436569
340914743,2af1bbf1-c71d-4b54-9b2a-532280334dba,807395,CC-BY-NC,Hemileia vastatrix,roya,field_train,research,2023-12-14,23.3,120.5,0,0,https://www.inaturalist.org/photos/340914743
340914744,2af1bbf1-c71d-4b54-9b2a-532280334dba,807395,CC-BY-NC,Hemileia vastatrix,roya,field_train,research,2023-12-14,23.3,120.5,0,0,https://www.inaturalist.org/photos/340914744
353220551,4f19fa7a-dd7e-47c2-bbad-9d0c33589b6c,662520,CC-BY-NC,Hemileia vastatrix,roya,field_train,research,2024-02-23,19.5,-155.9,0,0,https://www.inaturalist.org/photos/353220551
353220572,4f19fa7a-dd7e-47c2-bbad-9d0c33589b6c,662520,CC-BY-NC,Hemileia vastatrix,roya,field_train,research,2024-02-23,19.5,-155.9,0,0,https://www.inaturalist.org/photos/353220572
353220585,4f19fa7a-dd7e-47c2-bbad-9d0c33589b6c,662520,CC-BY-NC,Hemileia vastatrix,roya,field_train,research,2024-02-23,19.5,-155.9,0,0,https://www.inaturalist.org/photos/353220585
353220599,4f19fa7a-dd7e-47c2-bbad-9d0c33589b6c,662520,CC-BY-NC,Hemileia vastatrix,roya,field_train,research,2024-02-23,19.5,-155.9,0,0,https://www.inaturalist.org/photos/353220599
353220614,4f19fa7a-dd7e-47c2-bbad-9d0c33589b6c,662520,CC-BY-NC,Hemileia vastatrix,roya,field_train,research,2024-02-23,19.5,-155.9,0,0,https://www.inaturalist.org/photos/353220614
353220637,4f19fa7a-dd7e-47c2-bbad-9d0c33589b6c,662520,CC-BY-NC,Hemileia vastatrix,roya,field_train,research,2024-02-23,19.5,-155.9,0,0,https://www.inaturalist.org/photos/353220637
367778031,8515422a-e4f1-49a6-9822-b0233932ad8c,321317,CC-BY,Hemileia vastatrix,roya,field_train,needs_id,2024-04-13,21.3,-157.7,0,0,https://www.inaturalist.org/photos/367778031
431105343,5073349d-ae8b-4bf2-aa9d-38bee84ee74e,2969121,CC-BY-NC,Hemileia vastatrix,roya,field_train,needs_id,2024-09-11,-19.8,-43.9,0,0,https://www.inaturalist.org/photos/431105343
466457490,c6d72de8-b6c1-4d09-9f23-d4950e574430,321317,CC-BY,Hemileia vastatrix,roya,field_train,research,2025-01-14,21.4,-157.8,0,0,https://www.inaturalist.org/photos/466457490
468315325,0f10216b-2b10-4a15-8328-aa17d4bb4784,321317,CC-BY,Hemileia vastatrix,roya,field_train,research,2025-02-03,21.3,-157.7,0,0,https://www.inaturalist.org/photos/468315325
468318038,78e5854f-d449-42c8-8dc9-afe1e6335d65,321317,CC-BY,Hemileia vastatrix,roya,field_train,research,2025-02-04,21.3,-157.8,0,0,https://www.inaturalist.org/photos/468318038
468318057,78e5854f-d449-42c8-8dc9-afe1e6335d65,321317,CC-BY,Hemileia vastatrix,roya,field_train,research,2025-02-04,21.3,-157.8,0,0,https://www.inaturalist.org/photos/468318057
469204597,09d63d40-a3a4-4a32-a407-cfd9a1e16f95,5880267,CC0,Hemileia vastatrix,roya,field_train,needs_id,2025-02-09,21.3,-157.8,0,0,https://www.inaturalist.org/photos/469204597
472842634,7526fd3c-847a-4ee8-b770-b18af2eee9ef,1183735,CC-BY-NC-ND,Hemileia vastatrix,roya,field_train,needs_id,2025-02-26,4.6,-75.7,0,0,https://www.inaturalist.org/photos/472842634
518829549,59c37006-0dfd-492b-b837-6aeebe9f5e9d,8100987,CC-BY-NC,Hemileia vastatrix,roya,field_train,needs_id,2025-06-10,-25.4,-49.2,0,0,https://www.inaturalist.org/photos/518829549
518829605,59c37006-0dfd-492b-b837-6aeebe9f5e9d,8100987,CC-BY-NC,Hemileia vastatrix,roya,field_train,needs_id,2025-06-10,-25.4,-49.2,0,0,https://www.inaturalist.org/photos/518829605
518829649,59c37006-0dfd-492b-b837-6aeebe9f5e9d,8100987,CC-BY-NC,Hemileia vastatrix,roya,field_train,needs_id,2025-06-10,-25.4,-49.2,0,0,https://www.inaturalist.org/photos/518829649
518829706,59c37006-0dfd-492b-b837-6aeebe9f5e9d,8100987,CC-BY-NC,Hemileia vastatrix,roya,field_train,needs_id,2025-06-10,-25.4,-49.2,0,0,https://www.inaturalist.org/photos/518829706
518830136,c4a1b69a-80f1-4a08-95cb-acbe00bff25b,8100987,CC-BY-NC,Hemileia vastatrix,roya,field_train,needs_id,2025-06-10,-25.4,-49.2,0,0,https://www.inaturalist.org/photos/518830136
518830204,c4a1b69a-80f1-4a08-95cb-acbe00bff25b,8100987,CC-BY-NC,Hemileia vastatrix,roya,field_train,needs_id,2025-06-10,-25.4,-49.2,0,0,https://www.inaturalist.org/photos/518830204
518830262,c4a1b69a-80f1-4a08-95cb-acbe00bff25b,8100987,CC-BY-NC,Hemileia vastatrix,roya,field_train,needs_id,2025-06-10,-25.4,-49.2,0,0,https://www.inaturalist.org/photos/518830262
518924644,0c8442c7-c60c-4587-a235-cb1e3cbf19d8,8100987,CC-BY-NC,Hemileia vastatrix,roya,field_train,needs_id,2025-06-10,-25.4,-49.2,0,0,https://www.inaturalist.org/photos/518924644
518924696,0c8442c7-c60c-4587-a235-cb1e3cbf19d8,8100987,CC-BY-NC,Hemileia vastatrix,roya,field_train,needs_id,2025-06-10,-25.4,-49.2,0,0,https://www.inaturalist.org/photos/518924696
518924749,0c8442c7-c60c-4587-a235-cb1e3cbf19d8,8100987,CC-BY-NC,Hemileia vastatrix,roya,field_train,needs_id,2025-06-10,-25.4,-49.2,0,0,https://www.inaturalist.org/photos/518924749
520999806,f5e635ce-7db6-4723-b765-0b654a4eca59,231737,CC-BY,Hemileia vastatrix,roya,field_train,needs_id,2025-06-13,-25.6,-54.5,0,0,https://www.inaturalist.org/photos/520999806
520999809,f5e635ce-7db6-4723-b765-0b654a4eca59,231737,CC-BY,Hemileia vastatrix,roya,field_train,needs_id,2025-06-13,-25.6,-54.5,0,0,https://www.inaturalist.org/photos/520999809
520999810,f5e635ce-7db6-4723-b765-0b654a4eca59,231737,CC-BY,Hemileia vastatrix,roya,field_train,needs_id,2025-06-13,-25.6,-54.5,0,0,https://www.inaturalist.org/photos/520999810
520999812,f5e635ce-7db6-4723-b765-0b654a4eca59,231737,CC-BY,Hemileia vastatrix,roya,field_train,needs_id,2025-06-13,-25.6,-54.5,0,0,https://www.inaturalist.org/photos/520999812
520999824,f5e635ce-7db6-4723-b765-0b654a4eca59,231737,CC-BY,Hemileia vastatrix,roya,field_train,needs_id,2025-06-13,-25.6,-54.5,0,0,https://www.inaturalist.org/photos/520999824
520999832,f5e635ce-7db6-4723-b765-0b654a4eca59,231737,CC-BY,Hemileia vastatrix,roya,field_train,needs_id,2025-06-13,-25.6,-54.5,0,0,https://www.inaturalist.org/photos/520999832
520999841,f5e635ce-7db6-4723-b765-0b654a4eca59,231737,CC-BY,Hemileia vastatrix,roya,field_train,needs_id,2025-06-13,-25.6,-54.5,0,0,https://www.inaturalist.org/photos/520999841
520999845,f5e635ce-7db6-4723-b765-0b654a4eca59,231737,CC-BY,Hemileia vastatrix,roya,field_train,needs_id,2025-06-13,-25.6,-54.5,0,0,https://www.inaturalist.org/photos/520999845
520999858,f5e635ce-7db6-4723-b765-0b654a4eca59,231737,CC-BY,Hemileia vastatrix,roya,field_train,needs_id,2025-06-13,-25.6,-54.5,0,0,https://www.inaturalist.org/photos/520999858
524734866,bb99b337-0e28-41ec-a4b3-7ec8fc88f3e8,321317,CC-BY,Hemileia vastatrix,roya,field_train,needs_id,2025-06-13,21.3,-158.2,0,0,https://www.inaturalist.org/photos/524734866
539932035,f224db3d-2398-40ec-b441-eb5cc5f21963,8100987,CC-BY-NC,Hemileia vastatrix,roya,field_train,needs_id,2025-07-19,-25.4,-49.2,0,0,https://www.inaturalist.org/photos/539932035
539932090,f224db3d-2398-40ec-b441-eb5cc5f21963,8100987,CC-BY-NC,Hemileia vastatrix,roya,field_train,needs_id,2025-07-19,-25.4,-49.2,0,0,https://www.inaturalist.org/photos/539932090
539932121,f224db3d-2398-40ec-b441-eb5cc5f21963,8100987,CC-BY-NC,Hemileia vastatrix,roya,field_train,needs_id,2025-07-19,-25.4,-49.2,0,0,https://www.inaturalist.org/photos/539932121
542290431,ef611f6c-37bf-4243-b2c1-d01afff2acf5,8100987,CC-BY-NC,Hemileia vastatrix,roya,field_train,research,2025-07-25,-25.6,-54.6,0,0,https://www.inaturalist.org/photos/542290431
542290482,ef611f6c-37bf-4243-b2c1-d01afff2acf5,8100987,CC-BY-NC,Hemileia vastatrix,roya,field_train,research,2025-07-25,-25.6,-54.6,0,0,https://www.inaturalist.org/photos/542290482
542290529,ef611f6c-37bf-4243-b2c1-d01afff2acf5,8100987,CC-BY-NC,Hemileia vastatrix,roya,field_train,research,2025-07-25,-25.6,-54.6,0,0,https://www.inaturalist.org/photos/542290529
546406202,7501a7b1-5c79-4e7d-a0a2-357227b16a64,824054,CC-BY,Hemileia vastatrix,roya,field_train,research,2025-08-02,5.6,-73.5,0,0,https://www.inaturalist.org/photos/546406202
546406274,7501a7b1-5c79-4e7d-a0a2-357227b16a64,824054,CC-BY,Hemileia vastatrix,roya,field_train,research,2025-08-02,5.6,-73.5,0,0,https://www.inaturalist.org/photos/546406274
546406325,7501a7b1-5c79-4e7d-a0a2-357227b16a64,824054,CC-BY,Hemileia vastatrix,roya,field_train,research,2025-08-02,5.6,-73.5,0,0,https://www.inaturalist.org/photos/546406325
547575183,f4e64d8a-bce1-4c2d-b37e-f1c6082138eb,231737,CC-BY,Hemileia vastatrix,roya,field_train,research,2025-07-29,-25.6,-54.5,0,0,https://www.inaturalist.org/photos/547575183
547575187,f4e64d8a-bce1-4c2d-b37e-f1c6082138eb,231737,CC-BY,Hemileia vastatrix,roya,field_train,research,2025-07-29,-25.6,-54.5,0,0,https://www.inaturalist.org/photos/547575187
559600961,14f96b6e-2124-47c5-b3da-dc59caff661c,8100987,CC-BY-NC,Hemileia vastatrix,roya,field_train,research,2025-08-29,-27.1,-48.9,0,0,https://www.inaturalist.org/photos/559600961
559601002,14f96b6e-2124-47c5-b3da-dc59caff661c,8100987,CC-BY-NC,Hemileia vastatrix,roya,field_train,research,2025-08-29,-27.1,-48.9,0,0,https://www.inaturalist.org/photos/559601002
559601049,14f96b6e-2124-47c5-b3da-dc59caff661c,8100987,CC-BY-NC,Hemileia vastatrix,roya,field_train,research,2025-08-29,-27.1,-48.9,0,0,https://www.inaturalist.org/photos/559601049
574025799,bc4976ff-4524-4c76-9f30-608b465b6493,42264,CC-BY-NC,Hemileia vastatrix,roya,field_train,needs_id,2025-09-29,19.6,-156.0,0,0,https://www.inaturalist.org/photos/574025799
579916212,494d4eef-7f9f-4b75-ae9c-9e512d7a5dbb,321317,CC-BY,Hemileia vastatrix,roya,field_train,research,2025-10-10,21.5,-158.1,0,0,https://www.inaturalist.org/photos/579916212
586284078,1071781e-8f8a-4f14-aedb-154d818499cd,5328515,CC-BY-NC-ND,Hemileia vastatrix,roya,field_train,needs_id,2025-10-25,24.1,121.0,0,0,https://www.inaturalist.org/photos/586284078
586284089,1071781e-8f8a-4f14-aedb-154d818499cd,5328515,CC-BY-NC-ND,Hemileia vastatrix,roya,field_train,needs_id,2025-10-25,24.1,121.0,0,0,https://www.inaturalist.org/photos/586284089
586284102,1071781e-8f8a-4f14-aedb-154d818499cd,5328515,CC-BY-NC-ND,Hemileia vastatrix,roya,field_train,needs_id,2025-10-25,24.1,121.0,0,0,https://www.inaturalist.org/photos/586284102
586284863,1071781e-8f8a-4f14-aedb-154d818499cd,5328515,CC-BY-NC-ND,Hemileia vastatrix,roya,field_train,needs_id,2025-10-25,24.1,121.0,0,0,https://www.inaturalist.org/photos/586284863
586284873,1071781e-8f8a-4f14-aedb-154d818499cd,5328515,CC-BY-NC-ND,Hemileia vastatrix,roya,field_train,needs_id,2025-10-25,24.1,121.0,0,0,https://www.inaturalist.org/photos/586284873
586525323,1071781e-8f8a-4f14-aedb-154d818499cd,5328515,CC-BY-NC-ND,Hemileia vastatrix,roya,field_train,needs_id,2025-10-25,24.1,121.0,0,0,https://www.inaturalist.org/photos/586525323
586525333,1071781e-8f8a-4f14-aedb-154d818499cd,5328515,CC-BY-NC-ND,Hemileia vastatrix,roya,field_train,needs_id,2025-10-25,24.1,121.0,0,0,https://www.inaturalist.org/photos/586525333
586525369,1071781e-8f8a-4f14-aedb-154d818499cd,5328515,CC-BY-NC-ND,Hemileia vastatrix,roya,field_train,needs_id,2025-10-25,24.1,121.0,0,0,https://www.inaturalist.org/photos/586525369
587617247,2b287fe9-c262-4e9e-99ef-f1384323824e,8100987,CC-BY-NC,Hemileia vastatrix,roya,field_train,needs_id,2025-11-02,-27.2,-49.1,0,0,https://www.inaturalist.org/photos/587617247
587617303,2b287fe9-c262-4e9e-99ef-f1384323824e,8100987,CC-BY-NC,Hemileia vastatrix,roya,field_train,needs_id,2025-11-02,-27.2,-49.1,0,0,https://www.inaturalist.org/photos/587617303
591224328,dd7410a6-1f41-4353-95ab-3743968a2ccc,8308060,CC-BY-NC,Hemileia vastatrix,roya,field_train,research,2025-11-14,25.0,98.8,0,0,https://www.inaturalist.org/photos/591224328
605513518,2fc5c835-d04b-4de1-91c6-cd6be1f9689c,1856894,CC-BY-NC,Hemileia vastatrix,roya,field_train,needs_id,2026-01-04,19.6,-156.0,0,0,https://www.inaturalist.org/photos/605513518
608817434,2ba64b55-f44a-48bc-ac1a-1b0a918a5f29,8180886,CC-BY-NC,Hemileia vastatrix,roya,field_train,research,2026-01-13,9.9,-84.0,0,0,https://www.inaturalist.org/photos/608817434
608817463,2ba64b55-f44a-48bc-ac1a-1b0a918a5f29,8180886,CC-BY-NC,Hemileia vastatrix,roya,field_train,research,2026-01-13,9.9,-84.0,0,0,https://www.inaturalist.org/photos/608817463
610563051,e59541e1-0e31-4d54-b04c-9ccd315908c5,553511,CC-BY-NC,Hemileia vastatrix,roya,field_train,needs_id,2025-12-28,14.0,-87.0,0,0,https://www.inaturalist.org/photos/610563051
610563052,e59541e1-0e31-4d54-b04c-9ccd315908c5,553511,CC-BY-NC,Hemileia vastatrix,roya,field_train,needs_id,2025-12-28,14.0,-87.0,0,0,https://www.inaturalist.org/photos/610563052
610563068,e59541e1-0e31-4d54-b04c-9ccd315908c5,553511,CC-BY-NC,Hemileia vastatrix,roya,field_train,needs_id,2025-12-28,14.0,-87.0,0,0,https://www.inaturalist.org/photos/610563068
616360121,370880e1-f166-43ab-be5c-9c14fe2366a8,4639099,CC-BY,Hemileia vastatrix,roya,field_train,needs_id,2023-08-18,-21.7,-47.6,0,0,https://www.inaturalist.org/photos/616360121
616360143,370880e1-f166-43ab-be5c-9c14fe2366a8,4639099,CC-BY,Hemileia vastatrix,roya,field_train,needs_id,2023-08-18,-21.7,-47.6,0,0,https://www.inaturalist.org/photos/616360143
616875934,4955ceb3-a71d-4a1f-ae36-97d8e32df62f,4360630,CC-BY-NC,Hemileia,roya,field_train,needs_id,2026-02-18,22.7,113.8,0,0,https://www.inaturalist.org/photos/616875934
616875952,4955ceb3-a71d-4a1f-ae36-97d8e32df62f,4360630,CC-BY-NC,Hemileia,roya,field_train,needs_id,2026-02-18,22.7,113.8,0,0,https://www.inaturalist.org/photos/616875952
616875964,4955ceb3-a71d-4a1f-ae36-97d8e32df62f,4360630,CC-BY-NC,Hemileia,roya,field_train,needs_id,2026-02-18,22.7,113.8,0,0,https://www.inaturalist.org/photos/616875964
616875983,4955ceb3-a71d-4a1f-ae36-97d8e32df62f,4360630,CC-BY-NC,Hemileia,roya,field_train,needs_id,2026-02-18,22.7,113.8,0,0,https://www.inaturalist.org/photos/616875983
616875995,4955ceb3-a71d-4a1f-ae36-97d8e32df62f,4360630,CC-BY-NC,Hemileia,roya,field_train,needs_id,2026-02-18,22.7,113.8,0,0,https://www.inaturalist.org/photos/616875995
616876001,4955ceb3-a71d-4a1f-ae36-97d8e32df62f,4360630,CC-BY-NC,Hemileia,roya,field_train,needs_id,2026-02-18,22.7,113.8,0,0,https://www.inaturalist.org/photos/616876001
616904001,c115abec-6a1b-478c-9a6b-c01ae089ed23,9103866,CC-BY-NC-SA,Hemileia vastatrix,roya,field_train,needs_id,2026-02-01,8.8,-82.5,0,0,https://www.inaturalist.org/photos/616904001
616904041,c115abec-6a1b-478c-9a6b-c01ae089ed23,9103866,CC-BY-NC-SA,Hemileia vastatrix,roya,field_train,needs_id,2026-02-01,8.8,-82.5,0,0,https://www.inaturalist.org/photos/616904041
620285065,34c54a01-63fc-4d45-8dee-a46e0348e7cd,321317,CC-BY,Hemileia vastatrix,roya,field_train,needs_id,2026-02-27,21.3,-157.8,0,0,https://www.inaturalist.org/photos/620285065
620285078,34c54a01-63fc-4d45-8dee-a46e0348e7cd,321317,CC-BY,Hemileia vastatrix,roya,field_train,needs_id,2026-02-27,21.3,-157.8,0,0,https://www.inaturalist.org/photos/620285078
620701348,d03806f7-27c7-4df3-a1d6-a67f1a741aaa,8100987,CC-BY-NC,Hemileia vastatrix,roya,field_train,research,2026-03-02,-27.1,-48.9,0,0,https://www.inaturalist.org/photos/620701348
620710020,d03806f7-27c7-4df3-a1d6-a67f1a741aaa,8100987,CC-BY-NC,Hemileia vastatrix,roya,field_train,research,2026-03-02,-27.1,-48.9,0,0,https://www.inaturalist.org/photos/620710020
637442851,e9363eee-ad3a-4159-be1f-5080bc9637de,253570,CC-BY-NC,Hemileia vastatrix,roya,field_train,needs_id,2026-01-05,10.3,-84.8,0,0,https://www.inaturalist.org/photos/637442851
637442874,e9363eee-ad3a-4159-be1f-5080bc9637de,253570,CC-BY-NC,Hemileia vastatrix,roya,field_train,needs_id,2026-01-05,10.3,-84.8,0,0,https://www.inaturalist.org/photos/637442874
637442880,e9363eee-ad3a-4159-be1f-5080bc9637de,253570,CC-BY-NC,Hemileia vastatrix,roya,field_train,needs_id,2026-01-05,10.3,-84.8,0,0,https://www.inaturalist.org/photos/637442880
667713357,1fb45c78-b03b-4cda-9186-4457ea711842,5328515,CC-BY-NC-ND,Hemileia vastatrix,roya,field_train,research,2020-10-14,23.9,120.9,0,0,https://www.inaturalist.org/photos/667713357
667713359,1fb45c78-b03b-4cda-9186-4457ea711842,5328515,CC-BY-NC-ND,Hemileia vastatrix,roya,field_train,research,2020-10-14,23.9,120.9,0,0,https://www.inaturalist.org/photos/667713359
667713360,1fb45c78-b03b-4cda-9186-4457ea711842,5328515,CC-BY-NC-ND,Hemileia vastatrix,roya,field_train,research,2020-10-14,23.9,120.9,0,0,https://www.inaturalist.org/photos/667713360
667714027,1fb45c78-b03b-4cda-9186-4457ea711842,5328515,CC-BY-NC-ND,Hemileia vastatrix,roya,field_train,research,2020-10-14,23.9,120.9,0,0,https://www.inaturalist.org/photos/667714027
667714028,1fb45c78-b03b-4cda-9186-4457ea711842,5328515,CC-BY-NC-ND,Hemileia vastatrix,roya,field_train,research,2020-10-14,23.9,120.9,0,0,https://www.inaturalist.org/photos/667714028
667714034,1fb45c78-b03b-4cda-9186-4457ea711842,5328515,CC-BY-NC-ND,Hemileia vastatrix,roya,field_train,research,2020-10-14,23.9,120.9,0,0,https://www.inaturalist.org/photos/667714034
667714329,1fb45c78-b03b-4cda-9186-4457ea711842,5328515,CC-BY-NC-ND,Hemileia vastatrix,roya,field_train,research,2020-10-14,23.9,120.9,0,0,https://www.inaturalist.org/photos/667714329
667714332,1fb45c78-b03b-4cda-9186-4457ea711842,5328515,CC-BY-NC-ND,Hemileia vastatrix,roya,field_train,research,2020-10-14,23.9,120.9,0,0,https://www.inaturalist.org/photos/667714332
694980238,cce7765d-62f4-4d94-8c21-3539b7625684,5880267,CC0,Hemileia vastatrix,roya,field_train,research,2026-07-09,21.6,-158.1,0,0,https://www.inaturalist.org/photos/694980238
698556116,4ad12d9d-62f6-48de-9907-2efe0117a2b8,10765027,CC-BY-NC,Hemileia,roya,field_train,needs_id,2026-07-14,9.3,-83.7,0,0,https://www.inaturalist.org/photos/698556116
699226377,03a94b24-f54c-4244-8eb3-f98aeeb3f8d0,10765027,CC-BY-NC,Hemileia vastatrix,roya,field_train,needs_id,2026-07-16,9.3,-83.7,0,0,https://www.inaturalist.org/photos/699226377
703776761,f7069081-03b0-40e3-8fca-0999f7c69144,1856894,CC-BY-NC,Hemileia,roya,field_train,needs_id,2026-07-23,19.6,-156.0,0,0,https://www.inaturalist.org/photos/703776761
713760558,7e6fb405-0343-41c5-963a-fca8b3f3d9ad,5029178,CC-BY-NC,Hemileia,roya,field_train,needs_id,2026-08-09,-29.8,30.8,0,0,https://www.inaturalist.org/photos/713760558
713760688,7e6fb405-0343-41c5-963a-fca8b3f3d9ad,5029178,CC-BY-NC,Hemileia,roya,field_train,needs_id,2026-08-09,-29.8,30.8,0,0,https://www.inaturalist.org/photos/713760688
725570084,e757be65-340a-4e80-9bea-faaceff682e3,5880267,CC0,Hemileia vastatrix,roya,field_train,needs_id,2026-08-29,21.3,-157.8,0,0,https://www.inaturalist.org/photos/725570084
736874219,851f935e-11d0-4f2e-afcb-e0b968530e0d,7762237,CC-BY-NC,Hemileia vastatrix,roya,field_train,research,2026-09-18,21.5,-158.0,0,0,https://www.inaturalist.org/photos/736874219
736874235,851f935e-11d0-4f2e-afcb-e0b968530e0d,7762237,CC-BY-NC,Hemileia vastatrix,roya,field_train,research,2026-09-18,21.5,-158.0,0,0,https://www.inaturalist.org/photos/736874235
736874250,851f935e-11d0-4f2e-afcb-e0b968530e0d,7762237,CC-BY-NC,Hemileia vastatrix,roya,field_train,research,2026-09-18,21.5,-158.0,0,0,https://www.inaturalist.org/photos/736874250
736874269,851f935e-11d0-4f2e-afcb-e0b968530e0d,7762237,CC-BY-NC,Hemileia vastatrix,roya,field_train,research,2026-09-18,21.5,-158.0,0,0,https://www.inaturalist.org/photos/736874269
736874290,851f935e-11d0-4f2e-afcb-e0b968530e0d,7762237,CC-BY-NC,Hemileia vastatrix,roya,field_train,research,2026-09-18,21.5,-158.0,0,0,https://www.inaturalist.org/photos/736874290
736874316,851f935e-11d0-4f2e-afcb-e0b968530e0d,7762237,CC-BY-NC,Hemileia vastatrix,roya,field_train,research,2026-09-18,21.5,-158.0,0,0,https://www.inaturalist.org/photos/736874316
736874337,851f935e-11d0-4f2e-afcb-e0b968530e0d,7762237,CC-BY-NC,Hemileia vastatrix,roya,field_train,research,2026-09-18,21.5,-158.0,0,0,https://www.inaturalist.org/photos/736874337
736874366,851f935e-11d0-4f2e-afcb-e0b968530e0d,7762237,CC-BY-NC,Hemileia vastatrix,roya,field_train,research,2026-09-18,21.5,-158.0,0,0,https://www.inaturalist.org/photos/736874366
738164353,c248c96b-6eca-48c5-8289-b9d4aa409084,5880267,CC0,Hemileia vastatrix,roya,field_train,research,2026-09-20,21.3,-157.8,0,0,https://www.inaturalist.org/photos/738164353
